bdc,cik,accession,form,period_end,file_date,identifier,entity,company,type,sector,desc,affil,fv,cost,par,shares,mark,spread,rate,base_rate,pik_rate,pik,maturity,acq,ccy,fv_raw
CGBD,0001544206,0001544206-26-000033,10-Q,2026-03-31,2026-05-11,"Investment | Non-Affiliated Issuer | First Lien Debt | 1251 Insurance Distribution Platform Payco, LP | Diversified Financial Services","1251 Insurance Distribution Platform Payco, LP","1251 Insurance Distribution Platform Payco, LP",First Lien,Diversified Financial Services,,,21494000.0,21470000.0,21667000.0,,100.11,4.5,8.2,,,False,,,USD,
CGBD,0001544206,0001544206-26-000033,10-Q,2026-03-31,2026-05-11,"Investment | Non-Affiliated Issuer | First Lien Debt | AAH Topco., LLC | Healthcare & Pharmaceuticals","AAH Topco., LLC","AAH Topco., LLC",First Lien,Healthcare & Pharmaceuticals,,,3600000.0,3573000.0,3639000.0,,100.76,5.0,8.67,,,False,,,USD,
CGBD,0001544206,0001544206-26-000033,10-Q,2026-03-31,2026-05-11,"Investment | Non-Affiliated Issuer | First Lien Debt | AArete Investment, LLC | Healthcare & Pharmaceuticals","AArete Investment, LLC","AArete Investment, LLC",First Lien,Healthcare & Pharmaceuticals,,,3264000.0,3231000.0,3296000.0,,101.02,4.25,7.95,,,False,,,USD,
CGBD,0001544206,0001544206-26-000033,10-Q,2026-03-31,2026-05-11,Investment | Non-Affiliated Issuer | First Lien Debt | Addev Group (France) | Aerospace & Defense 1,Addev Group (France),Addev Group (France),First Lien,Aerospace & Defense 1,,,39000.0,39000.0,37000.0,,100.0,5.75,7.88,,,False,,,USD,
CGBD,0001544206,0001544206-26-000033,10-Q,2026-03-31,2026-05-11,Investment | Non-Affiliated Issuer | First Lien Debt | Addev Group (France) | Aerospace & Defense 2,Addev Group (France),Addev Group (France),First Lien,Aerospace & Defense 2,,,253000.0,253000.0,258000.0,,100.0,5.75,9.43,,,False,,,USD,
CGBD,0001544206,0001544206-26-000033,10-Q,2026-03-31,2026-05-11,"Investment | Non-Affiliated Issuer | First Lien Debt | ADPD Holdings, LLC | Consumer Services","ADPD Holdings, LLC","ADPD Holdings, LLC",First Lien,Consumer Services,,,18605000.0,20727000.0,21465000.0,,89.76,1.0,9.78,,5.0,True,,,USD,
CGBD,0001544206,0001544206-26-000033,10-Q,2026-03-31,2026-05-11,"Investment | Non-Affiliated Issuer | First Lien Debt | Advanced Web Technologies Holding Company | Containers, Packaging & Glass",Advanced Web Technologies Holding Company,Advanced Web Technologies Holding Company,First Lien,"Containers, Packaging & Glass",,,15565000.0,15664000.0,15742000.0,,99.37,4.25,10.25,,2.25,True,,,USD,
CGBD,0001544206,0001544206-26-000033,10-Q,2026-03-31,2026-05-11,Investment | Non-Affiliated Issuer | First Lien Debt | AGS Health BCP LLC | Healthcare & Pharmaceuticals,AGS Health BCP LLC,AGS Health BCP LLC,First Lien,Healthcare & Pharmaceuticals,,,-17000.0,-10000.0,0.0,,170.0,4.5,8.17,,,False,,,USD,
CGBD,0001544206,0001544206-26-000033,10-Q,2026-03-31,2026-05-11,Investment | Non-Affiliated Issuer | First Lien Debt | AI Grace AUS Bidco Pty LTD (Australia) | Consumer Goods: Non-Durable,AI Grace AUS Bidco Pty LTD (Australia),AI Grace AUS Bidco Pty LTD (Australia),First Lien,Consumer Goods: Non-Durable,,,4468000.0,4510000.0,4571000.0,,99.07,5.25,8.92,,,False,,,USD,
CGBD,0001544206,0001544206-26-000033,10-Q,2026-03-31,2026-05-11,Investment | Non-Affiliated Issuer | First Lien Debt | Allied Benefit Systems Intermediate LLC | Healthcare & Pharmaceuticals,Allied Benefit Systems Intermediate LLC,Allied Benefit Systems Intermediate LLC,First Lien,Healthcare & Pharmaceuticals,,,14048000.0,14151000.0,14130000.0,,99.27,5.0,8.7,,,False,,,USD,
CGBD,0001544206,0001544206-26-000033,10-Q,2026-03-31,2026-05-11,Investment | Non-Affiliated Issuer | First Lien Debt | Alpine Acquisition Corp II | Transportation: Cargo 1,Alpine Acquisition Corp II,Alpine Acquisition Corp II,First Lien,Transportation: Cargo 1,,,0.0,0.0,0.0,,,4.75,8.43,,,False,,,USD,
CGBD,0001544206,0001544206-26-000033,10-Q,2026-03-31,2026-05-11,Investment | Non-Affiliated Issuer | First Lien Debt | Alpine Acquisition Corp II | Transportation: Cargo 2,Alpine Acquisition Corp II,Alpine Acquisition Corp II,First Lien,Transportation: Cargo 2,,,2036000.0,2036000.0,2036000.0,,100.0,5.0,8.67,,,False,,,USD,
CGBD,0001544206,0001544206-26-000033,10-Q,2026-03-31,2026-05-11,Investment | Non-Affiliated Issuer | First Lien Debt | Alpine Acquisition Corp II | Transportation: Cargo 3,Alpine Acquisition Corp II,Alpine Acquisition Corp II,First Lien,Transportation: Cargo 3,,,2614000.0,2614000.0,2614000.0,,100.0,5.25,8.92,,,False,,,USD,
CGBD,0001544206,0001544206-26-000033,10-Q,2026-03-31,2026-05-11,Investment | Non-Affiliated Issuer | First Lien Debt | AmpersCap LLC | Diversified Financial Services,AmpersCap LLC,AmpersCap LLC,First Lien,Diversified Financial Services,,,10182000.0,10176000.0,10341000.0,,100.06,5.25,8.95,,,False,,,USD,
CGBD,0001544206,0001544206-26-000033,10-Q,2026-03-31,2026-05-11,"Investment | Non-Affiliated Issuer | First Lien Debt | AP Plastics Acquisition Holdings, LLC | Chemicals, Plastics & Rubber","AP Plastics Acquisition Holdings, LLC","AP Plastics Acquisition Holdings, LLC",First Lien,"Chemicals, Plastics & Rubber",,,9418000.0,9392000.0,9428000.0,,100.28,4.75,8.42,,,False,,,USD,
CGBD,0001544206,0001544206-26-000033,10-Q,2026-03-31,2026-05-11,"Investment | Non-Affiliated Issuer | First Lien Debt | Apex Companies Holdings, LLC | Environmental Industries","Apex Companies Holdings, LLC","Apex Companies Holdings, LLC",First Lien,Environmental Industries,,,22607000.0,22685000.0,22792000.0,,99.66,5.0,8.67,,,False,,,USD,
CGBD,0001544206,0001544206-26-000033,10-Q,2026-03-31,2026-05-11,"Investment | Non-Affiliated Issuer | First Lien Debt | Artifact Bidco, Inc. | Software","Artifact Bidco, Inc.","Artifact Bidco, Inc.",First Lien,Software,,,1409000.0,1398000.0,1409000.0,,100.79,4.15,7.85,,,False,,,USD,
CGBD,0001544206,0001544206-26-000033,10-Q,2026-03-31,2026-05-11,"Investment | Non-Affiliated Issuer | First Lien Debt | Ascend Buyer, LLC | Containers, Packaging & Glass","Ascend Buyer, LLC","Ascend Buyer, LLC",First Lien,"Containers, Packaging & Glass",,,28676000.0,28805000.0,28790000.0,,99.55,5.25,8.95,,,False,,,USD,
CGBD,0001544206,0001544206-26-000033,10-Q,2026-03-31,2026-05-11,"Investment | Non-Affiliated Issuer | First Lien Debt | Associations, Inc. | Construction & Building","Associations, Inc.","Associations, Inc.",First Lien,Construction & Building,,,20086000.0,20123000.0,20086000.0,,99.82,6.5,10.16,,,False,,,USD,
CGBD,0001544206,0001544206-26-000033,10-Q,2026-03-31,2026-05-11,"Investment | Non-Affiliated Issuer | First Lien Debt | Athlete Buyer, LLC | Construction & Building","Athlete Buyer, LLC","Athlete Buyer, LLC",First Lien,Construction & Building,,,12366000.0,14494000.0,14688000.0,,85.32,6.0,9.7,,,False,,,USD,
CGBD,0001544206,0001544206-26-000033,10-Q,2026-03-31,2026-05-11,"Investment | Non-Affiliated Issuer | First Lien Debt | Atlas US Finco, Inc. | High Tech Industries","Atlas US Finco, Inc.","Atlas US Finco, Inc.",First Lien,High Tech Industries,,,5229000.0,5129000.0,5207000.0,,101.95,4.75,8.42,,,False,,,USD,
CGBD,0001544206,0001544206-26-000033,10-Q,2026-03-31,2026-05-11,"Investment | Non-Affiliated Issuer | First Lien Debt | Auditboard, Inc. | Software 1","Auditboard, Inc.","Auditboard, Inc.",First Lien,Software 1,,,13067000.0,13183000.0,13286000.0,,99.12,4.5,8.2,,,False,,,USD,
CGBD,0001544206,0001544206-26-000033,10-Q,2026-03-31,2026-05-11,"Investment | Non-Affiliated Issuer | First Lien Debt | Auditboard, Inc. | Software 2","Auditboard, Inc.","Auditboard, Inc.",First Lien,Software 2,,,3097000.0,3120000.0,3143000.0,,99.26,4.5,8.2,,,False,,,USD,
CGBD,0001544206,0001544206-26-000033,10-Q,2026-03-31,2026-05-11,"Investment | Non-Affiliated Issuer | First Lien Debt | Azurite Intermediate Holdings, Inc. | Software","Azurite Intermediate Holdings, Inc.","Azurite Intermediate Holdings, Inc.",First Lien,Software,,,15509000.0,15263000.0,15428000.0,,101.61,6.0,9.67,,,False,,,USD,
CGBD,0001544206,0001544206-26-000033,10-Q,2026-03-31,2026-05-11,"Investment | Non-Affiliated Issuer | First Lien Debt | Bamboo Health Holdings, LLC | Healthcare & Pharmaceuticals","Bamboo Health Holdings, LLC","Bamboo Health Holdings, LLC",First Lien,Healthcare & Pharmaceuticals,,,28340000.0,28219000.0,28361000.0,,100.43,4.75,8.42,,,False,,,USD,
CGBD,0001544206,0001544206-26-000033,10-Q,2026-03-31,2026-05-11,"Investment | Non-Affiliated Issuer | First Lien Debt | Barnes & Noble, Inc. | Retail","Barnes & Noble, Inc.","Barnes & Noble, Inc.",First Lien,Retail,,,15520000.0,15692000.0,16006000.0,,98.9,7.16,10.83,,,False,,,USD,
CGBD,0001544206,0001544206-26-000033,10-Q,2026-03-31,2026-05-11,"Investment | Non-Affiliated Issuer | First Lien Debt | Bayside OPCP, LLC | Healthcare & Pharmaceuticals 1","Bayside OPCP, LLC","Bayside OPCP, LLC",First Lien,Healthcare & Pharmaceuticals 1,,,351000.0,351000.0,351000.0,,100.0,7.0,10.68,,,False,,,USD,
CGBD,0001544206,0001544206-26-000033,10-Q,2026-03-31,2026-05-11,"Investment | Non-Affiliated Issuer | First Lien Debt | Bayside OPCP, LLC | Healthcare & Pharmaceuticals 2","Bayside OPCP, LLC","Bayside OPCP, LLC",First Lien,Healthcare & Pharmaceuticals 2,,,4850000.0,4850000.0,4850000.0,,100.0,7.25,10.95,,,False,,,USD,
CGBD,0001544206,0001544206-26-000033,10-Q,2026-03-31,2026-05-11,"Investment | Non-Affiliated Issuer | First Lien Debt | Bayside OPCP, LLC | Healthcare & Pharmaceuticals 3","Bayside OPCP, LLC","Bayside OPCP, LLC",First Lien,Healthcare & Pharmaceuticals 3,,,13712000.0,13712000.0,13712000.0,,100.0,7.25,10.95,,,False,,,USD,
CGBD,0001544206,0001544206-26-000033,10-Q,2026-03-31,2026-05-11,"Investment | Non-Affiliated Issuer | First Lien Debt | BCTO Bobsled Purchaser, Inc. | Healthcare & Pharmaceuticals","BCTO Bobsled Purchaser, Inc.","BCTO Bobsled Purchaser, Inc.",First Lien,Healthcare & Pharmaceuticals,,,3278000.0,3274000.0,3309000.0,,100.12,4.75,8.45,,,False,,,USD,
CGBD,0001544206,0001544206-26-000033,10-Q,2026-03-31,2026-05-11,Investment | Non-Affiliated Issuer | First Lien Debt | Bianalisi S.p.A. (Italy) | Healthcare & Pharmaceuticals,Bianalisi S.p.A. (Italy),Bianalisi S.p.A. (Italy),First Lien,Healthcare & Pharmaceuticals,,,19679000.0,18629000.0,17373000.0,,105.64,6.0,8.12,,,False,,,USD,
CGBD,0001544206,0001544206-26-000033,10-Q,2026-03-31,2026-05-11,Investment | Non-Affiliated Issuer | First Lien Debt | Big Bus Tours Group Limited (United Kingdom) | Leisure Products & Services 1,Big Bus Tours Group Limited (United Kingdom),Big Bus Tours Group Limited (United Kingdom),First Lien,Leisure Products & Services 1,,,7477000.0,7299000.0,6863000.0,,102.44,4.1,11.63,,5.5,True,,,USD,
CGBD,0001544206,0001544206-26-000033,10-Q,2026-03-31,2026-05-11,Investment | Non-Affiliated Issuer | First Lien Debt | Big Bus Tours Group Limited (United Kingdom) | Leisure Products & Services 2,Big Bus Tours Group Limited (United Kingdom),Big Bus Tours Group Limited (United Kingdom),First Lien,Leisure Products & Services 2,,,511000.0,545000.0,469000.0,,93.76,4.1,11.63,,5.5,True,,,USD,
CGBD,0001544206,0001544206-26-000033,10-Q,2026-03-31,2026-05-11,Investment | Non-Affiliated Issuer | First Lien Debt | Big Bus Tours Group Limited (United Kingdom) | Leisure Products & Services 3,Big Bus Tours Group Limited (United Kingdom),Big Bus Tours Group Limited (United Kingdom),First Lien,Leisure Products & Services 3,,,531000.0,583000.0,613000.0,,91.08,4.1,13.27,,5.5,True,,,USD,
CGBD,0001544206,0001544206-26-000033,10-Q,2026-03-31,2026-05-11,Investment | Non-Affiliated Issuer | First Lien Debt | Big Bus Tours Group Limited (United Kingdom) | Leisure Products & Services 4,Big Bus Tours Group Limited (United Kingdom),Big Bus Tours Group Limited (United Kingdom),First Lien,Leisure Products & Services 4,,,10405000.0,10847000.0,11098000.0,,95.93,4.1,13.27,,5.5,True,,,USD,
CGBD,0001544206,0001544206-26-000033,10-Q,2026-03-31,2026-05-11,"Investment | Non-Affiliated Issuer | First Lien Debt | Bingo Group Buyer, Inc. | Environmental Industries","Bingo Group Buyer, Inc.","Bingo Group Buyer, Inc.",First Lien,Environmental Industries,,,8857000.0,8882000.0,8969000.0,,99.72,4.75,8.45,,,False,,,USD,
CGBD,0001544206,0001544206-26-000033,10-Q,2026-03-31,2026-05-11,Investment | Non-Affiliated Issuer | First Lien Debt | Birsa S.p.A. (Italy) | Healthcare & Pharmaceuticals,Birsa S.p.A. (Italy),Birsa S.p.A. (Italy),First Lien,Healthcare & Pharmaceuticals,,,11679000.0,11062000.0,10310000.0,,105.58,5.5,7.6,,,False,,,USD,
CGBD,0001544206,0001544206-26-000033,10-Q,2026-03-31,2026-05-11,Investment | Non-Affiliated Issuer | First Lien Debt | Bitnova Midco S.p.A. (Italy) | High Tech Industries 1,Bitnova Midco S.p.A. (Italy),Bitnova Midco S.p.A. (Italy),First Lien,High Tech Industries 1,,,7387000.0,7523000.0,6521000.0,,98.19,5.5,7.63,,,False,,,USD,
CGBD,0001544206,0001544206-26-000033,10-Q,2026-03-31,2026-05-11,Investment | Non-Affiliated Issuer | First Lien Debt | Bitnova Midco S.p.A. (Italy) | High Tech Industries 2,Bitnova Midco S.p.A. (Italy),Bitnova Midco S.p.A. (Italy),First Lien,High Tech Industries 2,,,-41000.0,-41000.0,0.0,,100.0,5.5,7.58,,,False,,,USD,
CGBD,0001544206,0001544206-26-000033,10-Q,2026-03-31,2026-05-11,"Investment | Non-Affiliated Issuer | First Lien Debt | BlueCat Networks, Inc. (Canada) | High Tech Industries","BlueCat Networks, Inc. (Canada)","BlueCat Networks, Inc. (Canada)",First Lien,High Tech Industries,,,19022000.0,19156000.0,19294000.0,,99.3,5.5,9.17,,,False,,,USD,
CGBD,0001544206,0001544206-26-000033,10-Q,2026-03-31,2026-05-11,Investment | Non-Affiliated Issuer | First Lien Debt | BMS Holdings III Corp. | Construction & Building,BMS Holdings III Corp.,BMS Holdings III Corp.,First Lien,Construction & Building,,,7283000.0,7762000.0,7807000.0,,93.83,5.5,9.2,,,False,,,USD,
CGBD,0001544206,0001544206-26-000033,10-Q,2026-03-31,2026-05-11,"Investment | Non-Affiliated Issuer | First Lien Debt | Businessolver.com, Inc. | Business Services","Businessolver.com, Inc.","Businessolver.com, Inc.",First Lien,Business Services,,,-64000.0,-19000.0,0.0,,336.84,4.5,8.2,,,False,,,USD,
CGBD,0001544206,0001544206-26-000033,10-Q,2026-03-31,2026-05-11,"Investment | Non-Affiliated Issuer | First Lien Debt | Celerion Buyer, Inc. | Healthcare & Pharmaceuticals","Celerion Buyer, Inc.","Celerion Buyer, Inc.",First Lien,Healthcare & Pharmaceuticals,,,22023000.0,22020000.0,22108000.0,,100.01,5.0,8.69,,,False,,,USD,
CGBD,0001544206,0001544206-26-000033,10-Q,2026-03-31,2026-05-11,"Investment | Non-Affiliated Issuer | First Lien Debt | CircusTrix Holdings, LLC | Leisure Products & Services","CircusTrix Holdings, LLC","CircusTrix Holdings, LLC",First Lien,Leisure Products & Services,,,14120000.0,14147000.0,14338000.0,,99.81,6.75,10.42,,,False,,,USD,
CGBD,0001544206,0001544206-26-000033,10-Q,2026-03-31,2026-05-11,Investment | Non-Affiliated Issuer | First Lien Debt | Cliffwater LLC | Diversified Financial Services,Cliffwater LLC,Cliffwater LLC,First Lien,Diversified Financial Services,,,11180000.0,11164000.0,11295000.0,,100.14,4.75,8.43,,,False,,,USD,
CGBD,0001544206,0001544206-26-000033,10-Q,2026-03-31,2026-05-11,"Investment | Non-Affiliated Issuer | First Lien Debt | CoreWeave Compute Acquisition Co. II, LLC | High Tech Industries","CoreWeave Compute Acquisition Co. II, LLC","CoreWeave Compute Acquisition Co. II, LLC",First Lien,High Tech Industries,,,2047000.0,2023000.0,2027000.0,,101.19,9.62,13.31,,,False,,,USD,
CGBD,0001544206,0001544206-26-000033,10-Q,2026-03-31,2026-05-11,"Investment | Non-Affiliated Issuer | First Lien Debt | CoreWeave Compute Acquisition Co. IV, LLC | High Tech Industries","CoreWeave Compute Acquisition Co. IV, LLC","CoreWeave Compute Acquisition Co. IV, LLC",First Lien,High Tech Industries,,,23058000.0,23048000.0,23289000.0,,100.04,6.0,9.67,,,False,,,USD,
CGBD,0001544206,0001544206-26-000033,10-Q,2026-03-31,2026-05-11,Investment | Non-Affiliated Issuer | First Lien Debt | Cority Software Inc. (Canada) | Software,Cority Software Inc. (Canada),Cority Software Inc. (Canada),First Lien,Software,,,-48000.0,-18000.0,0.0,,266.67,4.5,8.17,,,False,,,USD,
CGBD,0001544206,0001544206-26-000033,10-Q,2026-03-31,2026-05-11,"Investment | Non-Affiliated Issuer | First Lien Debt | Cornerstone Building Brands, Inc. | Construction & Building 1","Cornerstone Building Brands, Inc.","Cornerstone Building Brands, Inc.",First Lien,Construction & Building 1,,,4203000.0,7550000.0,7856000.0,,55.67,5.63,9.3,,,False,,,USD,
CGBD,0001544206,0001544206-26-000033,10-Q,2026-03-31,2026-05-11,"Investment | Non-Affiliated Issuer | First Lien Debt | Cornerstone Building Brands, Inc. | Construction & Building 2","Cornerstone Building Brands, Inc.","Cornerstone Building Brands, Inc.",First Lien,Construction & Building 2,,,1482000.0,2853000.0,3120000.0,,51.95,4.5,8.17,,,False,,,USD,
CGBD,0001544206,0001544206-26-000033,10-Q,2026-03-31,2026-05-11,"Investment | Non-Affiliated Issuer | First Lien Debt | Coupa Holdings, LLC | Software","Coupa Holdings, LLC","Coupa Holdings, LLC",First Lien,Software,,,10609000.0,10480000.0,10609000.0,,101.23,5.25,8.92,,,False,,,USD,
CGBD,0001544206,0001544206-26-000033,10-Q,2026-03-31,2026-05-11,Investment | Non-Affiliated Issuer | First Lien Debt | CST Holding Company | Consumer Goods: Non-Durable,CST Holding Company,CST Holding Company,First Lien,Consumer Goods: Non-Durable,,,282000.0,277000.0,282000.0,,101.81,5.0,8.67,,,False,,,USD,
CGBD,0001544206,0001544206-26-000033,10-Q,2026-03-31,2026-05-11,Investment | Non-Affiliated Issuer | First Lien Debt | Dance Midco S.a.r.l. (United Kingdom) | Media: Diversified & Production,Dance Midco S.a.r.l. (United Kingdom),Dance Midco S.a.r.l. (United Kingdom),First Lien,Media: Diversified & Production,,,14064000.0,13225000.0,12339000.0,,106.34,5.0,7.03,,,False,,,USD,
CGBD,0001544206,0001544206-26-000033,10-Q,2026-03-31,2026-05-11,Investment | Non-Affiliated Issuer | First Lien Debt | DCA Investment Holding LLC | Healthcare & Pharmaceuticals,DCA Investment Holding LLC,DCA Investment Holding LLC,First Lien,Healthcare & Pharmaceuticals,,,12223000.0,13917000.0,13993000.0,,87.83,6.41,10.09,,,False,,,USD,
CGBD,0001544206,0001544206-26-000033,10-Q,2026-03-31,2026-05-11,"Investment | Non-Affiliated Issuer | First Lien Debt | Deerfield Dakota Holding, LLC | Diversified Financial Services 1","Deerfield Dakota Holding, LLC","Deerfield Dakota Holding, LLC",First Lien,Diversified Financial Services 1,,,25489000.0,25751000.0,25988000.0,,98.98,3.0,9.45,,2.75,True,,,USD,
CGBD,0001544206,0001544206-26-000033,10-Q,2026-03-31,2026-05-11,"Investment | Non-Affiliated Issuer | First Lien Debt | Deerfield Dakota Holding, LLC | Diversified Financial Services 2","Deerfield Dakota Holding, LLC","Deerfield Dakota Holding, LLC",First Lien,Diversified Financial Services 2,,,773000.0,815000.0,855000.0,,94.85,5.25,8.95,,,False,,,USD,
CGBD,0001544206,0001544206-26-000033,10-Q,2026-03-31,2026-05-11,"Investment | Non-Affiliated Issuer | First Lien Debt | Denali Intermediate Holdings, Inc. | Media: Broadcasting & Subscription","Denali Intermediate Holdings, Inc.","Denali Intermediate Holdings, Inc.",First Lien,Media: Broadcasting & Subscription,,,-12000.0,-13000.0,0.0,,92.31,5.5,9.18,,,False,,,USD,
CGBD,0001544206,0001544206-26-000033,10-Q,2026-03-31,2026-05-11,"Investment | Non-Affiliated Issuer | First Lien Debt | Denali Midco 2, LLC | Consumer Services","Denali Midco 2, LLC","Denali Midco 2, LLC",First Lien,Consumer Services,,,16788000.0,16777000.0,16881000.0,,100.07,5.25,8.92,,,False,,,USD,
CGBD,0001544206,0001544206-26-000033,10-Q,2026-03-31,2026-05-11,Investment | Non-Affiliated Issuer | First Lien Debt | Diligent Corporation | Telecommunications,Diligent Corporation,Diligent Corporation,First Lien,Telecommunications,,,7745000.0,8076000.0,8021000.0,,95.9,5.0,8.67,,,False,,,USD,
CGBD,0001544206,0001544206-26-000033,10-Q,2026-03-31,2026-05-11,Investment | Non-Affiliated Issuer | First Lien Debt | Divisions Holding Corporation | Business Services,Divisions Holding Corporation,Divisions Holding Corporation,First Lien,Business Services,,,-1000.0,-19000.0,0.0,,5.26,4.5,8.2,,,False,,,USD,
CGBD,0001544206,0001544206-26-000033,10-Q,2026-03-31,2026-05-11,"Investment | Non-Affiliated Issuer | First Lien Debt | Dwyer Instruments, Inc. | Capital Equipment","Dwyer Instruments, Inc.","Dwyer Instruments, Inc.",First Lien,Capital Equipment,,,26711000.0,26651000.0,26710000.0,,100.23,4.75,8.45,,,False,,,USD,
CGBD,0001544206,0001544206-26-000033,10-Q,2026-03-31,2026-05-11,"Investment | Non-Affiliated Issuer | First Lien Debt | Einstein Parent, Inc. | Software","Einstein Parent, Inc.","Einstein Parent, Inc.",First Lien,Software,,,28909000.0,29706000.0,30371000.0,,97.32,5.25,8.92,,,False,,,USD,
CGBD,0001544206,0001544206-26-000033,10-Q,2026-03-31,2026-05-11,"Investment | Non-Affiliated Issuer | First Lien Debt | Eliassen Group, LLC | Business Services","Eliassen Group, LLC","Eliassen Group, LLC",First Lien,Business Services,,,10376000.0,10597000.0,10684000.0,,97.91,5.75,9.45,,,False,,,USD,
CGBD,0001544206,0001544206-26-000033,10-Q,2026-03-31,2026-05-11,"Investment | Non-Affiliated Issuer | First Lien Debt | Ellkay, LLC | Healthcare & Pharmaceuticals","Ellkay, LLC","Ellkay, LLC",First Lien,Healthcare & Pharmaceuticals,,,34448000.0,34939000.0,35255000.0,,98.59,3.25,10.6,,3.5,True,,,USD,
CGBD,0001544206,0001544206-26-000033,10-Q,2026-03-31,2026-05-11,"Investment | Non-Affiliated Issuer | First Lien Debt | Embark Intermediate Holdings, LLC | Business Services","Embark Intermediate Holdings, LLC","Embark Intermediate Holdings, LLC",First Lien,Business Services,,,1969000.0,1969000.0,2006000.0,,100.0,4.5,8.17,,,False,,,USD,
CGBD,0001544206,0001544206-26-000033,10-Q,2026-03-31,2026-05-11,Investment | Non-Affiliated Issuer | First Lien Debt | Enkindle Limited (United Kingdom) | Diversified Financial Services 1,Enkindle Limited (United Kingdom),Enkindle Limited (United Kingdom),First Lien,Diversified Financial Services 1,,,1979000.0,1892000.0,1570000.0,,104.6,3.75,10.98,,3.5,True,,,USD,
CGBD,0001544206,0001544206-26-000033,10-Q,2026-03-31,2026-05-11,Investment | Non-Affiliated Issuer | First Lien Debt | Enkindle Limited (United Kingdom) | Diversified Financial Services 2,Enkindle Limited (United Kingdom),Enkindle Limited (United Kingdom),First Lien,Diversified Financial Services 2,,,5373000.0,5379000.0,4174000.0,,99.89,3.85,11.79,,4.21,True,,,USD,
CGBD,0001544206,0001544206-26-000033,10-Q,2026-03-31,2026-05-11,"Investment | Non-Affiliated Issuer | First Lien Debt | Enverus, Inc. | Energy: Oil & Gas","Enverus, Inc.","Enverus, Inc.",First Lien,Energy: Oil & Gas,,,1847000.0,1883000.0,1903000.0,,98.09,4.5,8.2,,,False,,,USD,
CGBD,0001544206,0001544206-26-000033,10-Q,2026-03-31,2026-05-11,Investment | Non-Affiliated Issuer | First Lien Debt | Espresso Bidco Inc. | Software,Espresso Bidco Inc.,Espresso Bidco Inc.,First Lien,Software,,,26964000.0,27008000.0,27381000.0,,99.84,2.63,9.46,,3.13,True,,,USD,
CGBD,0001544206,0001544206-26-000033,10-Q,2026-03-31,2026-05-11,Investment | Non-Affiliated Issuer | First Lien Debt | Essential Services Holding Corporation | Consumer Services 1,Essential Services Holding Corporation,Essential Services Holding Corporation,First Lien,Consumer Services 1,,,1506000.0,1512000.0,1517000.0,,99.6,2.75,9.17,,2.75,True,,,USD,
CGBD,0001544206,0001544206-26-000033,10-Q,2026-03-31,2026-05-11,Investment | Non-Affiliated Issuer | First Lien Debt | Essential Services Holding Corporation | Consumer Services 2,Essential Services Holding Corporation,Essential Services Holding Corporation,First Lien,Consumer Services 2,,,71000.0,73000.0,74000.0,,97.26,5.0,8.66,,,False,,,USD,
CGBD,0001544206,0001544206-26-000033,10-Q,2026-03-31,2026-05-11,"Investment | Non-Affiliated Issuer | First Lien Debt | Ethos Bidco, Ltd. (United Kingdom) | Healthcare & Pharmaceuticals","Ethos Bidco, Ltd. (United Kingdom)","Ethos Bidco, Ltd. (United Kingdom)",First Lien,Healthcare & Pharmaceuticals,,,9170000.0,9248000.0,7033000.0,,99.16,5.25,8.98,,,False,,,USD,
CGBD,0001544206,0001544206-26-000033,10-Q,2026-03-31,2026-05-11,"Investment | Non-Affiliated Issuer | First Lien Debt | Excel Fitness Holdings, Inc. | Leisure Products & Services 1","Excel Fitness Holdings, Inc.","Excel Fitness Holdings, Inc.",First Lien,Leisure Products & Services 1,,,1104000.0,1104000.0,1113000.0,,100.0,4.75,8.42,,,False,,,USD,
CGBD,0001544206,0001544206-26-000033,10-Q,2026-03-31,2026-05-11,"Investment | Non-Affiliated Issuer | First Lien Debt | Excel Fitness Holdings, Inc. | Leisure Products & Services 2","Excel Fitness Holdings, Inc.","Excel Fitness Holdings, Inc.",First Lien,Leisure Products & Services 2,,,13240000.0,13261000.0,13342000.0,,99.84,4.75,8.45,,,False,,,USD,
CGBD,0001544206,0001544206-26-000033,10-Q,2026-03-31,2026-05-11,Investment | Non-Affiliated Issuer | First Lien Debt | Excelitas Technologies Corp. | Capital Equipment 1,Excelitas Technologies Corp.,Excelitas Technologies Corp.,First Lien,Capital Equipment 1,,,3886000.0,3564000.0,3365000.0,,109.03,5.25,7.16,,,False,,,USD,
CGBD,0001544206,0001544206-26-000033,10-Q,2026-03-31,2026-05-11,Investment | Non-Affiliated Issuer | First Lien Debt | Excelitas Technologies Corp. | Capital Equipment 2,Excelitas Technologies Corp.,Excelitas Technologies Corp.,First Lien,Capital Equipment 2,,,10548000.0,10516000.0,10556000.0,,100.3,5.25,8.92,,,False,,,USD,
CGBD,0001544206,0001544206-26-000033,10-Q,2026-03-31,2026-05-11,Investment | Non-Affiliated Issuer | First Lien Debt | Flexera Software LLC | Software 1,Flexera Software LLC,Flexera Software LLC,First Lien,Software 1,,,2201000.0,2298000.0,1968000.0,,95.78,4.5,6.45,,,False,,,USD,
CGBD,0001544206,0001544206-26-000033,10-Q,2026-03-31,2026-05-11,Investment | Non-Affiliated Issuer | First Lien Debt | Flexera Software LLC | Software 2,Flexera Software LLC,Flexera Software LLC,First Lien,Software 2,,,8115000.0,8387000.0,8408000.0,,96.76,4.5,8.15,,,False,,,USD,
CGBD,0001544206,0001544206-26-000033,10-Q,2026-03-31,2026-05-11,"Investment | Non-Affiliated Issuer | First Lien Debt | FPG Intermediate Holdco, LLC | Consumer Services 1","FPG Intermediate Holdco, LLC","FPG Intermediate Holdco, LLC",First Lien,Consumer Services 1,,,44000.0,42000.0,44000.0,,104.76,5.0,8.68,,100.0,True,,,USD,
CGBD,0001544206,0001544206-26-000033,10-Q,2026-03-31,2026-05-11,"Investment | Non-Affiliated Issuer | First Lien Debt | FPG Intermediate Holdco, LLC | Consumer Services 2","FPG Intermediate Holdco, LLC","FPG Intermediate Holdco, LLC",First Lien,Consumer Services 2,,,92000.0,92000.0,92000.0,,100.0,5.0,8.7,,100.0,True,,,USD,
CGBD,0001544206,0001544206-26-000033,10-Q,2026-03-31,2026-05-11,Investment | Non-Affiliated Issuer | First Lien Debt | Fullsteam Operations LLC | High Tech Industries,Fullsteam Operations LLC,Fullsteam Operations LLC,First Lien,High Tech Industries,,,6385000.0,6445000.0,6531000.0,,99.07,5.25,8.89,,,False,,,USD,
CGBD,0001544206,0001544206-26-000033,10-Q,2026-03-31,2026-05-11,"Investment | Non-Affiliated Issuer | First Lien Debt | Generator US Buyer, Inc. | Energy: Electricity","Generator US Buyer, Inc.","Generator US Buyer, Inc.",First Lien,Energy: Electricity,,,2237000.0,2242000.0,2266000.0,,99.78,4.5,8.2,,,False,,,USD,
CGBD,0001544206,0001544206-26-000033,10-Q,2026-03-31,2026-05-11,Investment | Non-Affiliated Issuer | First Lien Debt | GI DI Emerald Intermediate Limited (United Kingdom) | Business Services,GI DI Emerald Intermediate Limited (United Kingdom),GI DI Emerald Intermediate Limited (United Kingdom),First Lien,Business Services,,,-76000.0,-84000.0,0.0,,90.48,4.75,8.39,,,False,,,USD,
CGBD,0001544206,0001544206-26-000033,10-Q,2026-03-31,2026-05-11,"Investment | Non-Affiliated Issuer | First Lien Debt | Goose Borrower, L.P. | Software","Goose Borrower, L.P.","Goose Borrower, L.P.",First Lien,Software,,,15552000.0,15553000.0,15737000.0,,99.99,4.75,8.41,,,False,,,USD,
CGBD,0001544206,0001544206-26-000033,10-Q,2026-03-31,2026-05-11,"Investment | Non-Affiliated Issuer | First Lien Debt | Greenhouse Software, Inc. | Software","Greenhouse Software, Inc.","Greenhouse Software, Inc.",First Lien,Software,,,32589000.0,32434000.0,32796000.0,,100.48,5.75,9.45,,,False,,,USD,
CGBD,0001544206,0001544206-26-000033,10-Q,2026-03-31,2026-05-11,"Investment | Non-Affiliated Issuer | First Lien Debt | GS AcquisitionCo, Inc. | Software","GS AcquisitionCo, Inc.","GS AcquisitionCo, Inc.",First Lien,Software,,,5412000.0,5593000.0,5570000.0,,96.76,5.25,8.95,,,False,,,USD,
CGBD,0001544206,0001544206-26-000033,10-Q,2026-03-31,2026-05-11,Investment | Non-Affiliated Issuer | First Lien Debt | Guidehouse LLP | Sovereign & Public Finance,Guidehouse LLP,Guidehouse LLP,First Lien,Sovereign & Public Finance,,,6112000.0,6182000.0,6147000.0,,98.87,4.75,8.42,,,False,,,USD,
CGBD,0001544206,0001544206-26-000033,10-Q,2026-03-31,2026-05-11,Investment | Non-Affiliated Issuer | First Lien Debt | Gymspa (France) | Leisure Products & Services,Gymspa (France),Gymspa (France),First Lien,Leisure Products & Services,,,11246000.0,10617000.0,9781000.0,,105.92,6.0,9.98,,2.0,True,,,USD,
CGBD,0001544206,0001544206-26-000033,10-Q,2026-03-31,2026-05-11,Investment | Non-Affiliated Issuer | First Lien Debt | Hadrian Acquisition Limited (United Kingdom) | Diversified Financial Services,Hadrian Acquisition Limited (United Kingdom),Hadrian Acquisition Limited (United Kingdom),First Lien,Diversified Financial Services,,,30326000.0,30103000.0,22912000.0,,100.74,5.14,12.01,,3.14,True,,,USD,
CGBD,0001544206,0001544206-26-000033,10-Q,2026-03-31,2026-05-11,"Investment | Non-Affiliated Issuer | First Lien Debt | Heartland Home Services, Inc. | Consumer Services 1","Heartland Home Services, Inc.","Heartland Home Services, Inc.",First Lien,Consumer Services 1,,,9787000.0,9973000.0,9990000.0,,98.13,5.75,9.45,,,False,,,USD,
CGBD,0001544206,0001544206-26-000033,10-Q,2026-03-31,2026-05-11,"Investment | Non-Affiliated Issuer | First Lien Debt | Heartland Home Services, Inc. | Consumer Services 2","Heartland Home Services, Inc.","Heartland Home Services, Inc.",First Lien,Consumer Services 2,,,6821000.0,6941000.0,6952000.0,,98.27,6.0,9.7,,,False,,,USD,
CGBD,0001544206,0001544206-26-000033,10-Q,2026-03-31,2026-05-11,"Investment | Non-Affiliated Issuer | First Lien Debt | Heartland Home Services, Inc. | Consumer Services 3","Heartland Home Services, Inc.","Heartland Home Services, Inc.",First Lien,Consumer Services 3,,,549000.0,560000.0,561000.0,,98.04,6.75,10.45,,,False,,,USD,
CGBD,0001544206,0001544206-26-000033,10-Q,2026-03-31,2026-05-11,Investment | Non-Affiliated Issuer | First Lien Debt | Hercules Borrower LLC | Environmental Industries,Hercules Borrower LLC,Hercules Borrower LLC,First Lien,Environmental Industries,,,17713000.0,17573000.0,17714000.0,,100.8,4.75,8.45,,,False,,,USD,
CGBD,0001544206,0001544206-26-000033,10-Q,2026-03-31,2026-05-11,"Investment | Non-Affiliated Issuer | First Lien Debt | Higginbotham Insurance Agency, Inc. | Diversified Financial Services","Higginbotham Insurance Agency, Inc.","Higginbotham Insurance Agency, Inc.",First Lien,Diversified Financial Services,,,-91000.0,-98000.0,0.0,,92.86,4.5,8.17,,,False,,,USD,
CGBD,0001544206,0001544206-26-000033,10-Q,2026-03-31,2026-05-11,Investment | Non-Affiliated Issuer | First Lien Debt | Holding Argon (France) | Business Services 1,Holding Argon (France),Holding Argon (France),First Lien,Business Services 1,,,434000.0,445000.0,445000.0,,97.53,5.75,9.42,,,False,,,USD,
CGBD,0001544206,0001544206-26-000033,10-Q,2026-03-31,2026-05-11,Investment | Non-Affiliated Issuer | First Lien Debt | Holding Argon (France) | Business Services 2,Holding Argon (France),Holding Argon (France),First Lien,Business Services 2,,,1489000.0,1585000.0,1405000.0,,93.94,5.75,8.29,,,False,,,USD,
CGBD,0001544206,0001544206-26-000033,10-Q,2026-03-31,2026-05-11,Investment | Non-Affiliated Issuer | First Lien Debt | Holding Argon (France) | Business Services 3,Holding Argon (France),Holding Argon (France),First Lien,Business Services 3,,,14658000.0,14566000.0,13142000.0,,100.63,5.75,7.77,,,False,,,USD,
CGBD,0001544206,0001544206-26-000033,10-Q,2026-03-31,2026-05-11,"Investment | Non-Affiliated Issuer | First Lien Debt | Hoosier Intermediate, LLC | Healthcare & Pharmaceuticals","Hoosier Intermediate, LLC","Hoosier Intermediate, LLC",First Lien,Healthcare & Pharmaceuticals,,,15824000.0,15727000.0,15824000.0,,100.62,5.0,8.65,,,False,,,USD,
CGBD,0001544206,0001544206-26-000033,10-Q,2026-03-31,2026-05-11,"Investment | Non-Affiliated Issuer | First Lien Debt | Horizon Avionics Buyer, LLC | Aerospace & Defense","Horizon Avionics Buyer, LLC","Horizon Avionics Buyer, LLC",First Lien,Aerospace & Defense,,,887000.0,875000.0,941000.0,,101.37,4.75,8.45,,,False,,,USD,
CGBD,0001544206,0001544206-26-000033,10-Q,2026-03-31,2026-05-11,Investment | Non-Affiliated Issuer | First Lien Debt | HS Spa Holdings Inc. | Consumer Services 1,HS Spa Holdings Inc.,HS Spa Holdings Inc.,First Lien,Consumer Services 1,,,9531000.0,9676000.0,9640000.0,,98.5,5.25,8.92,,,False,,,USD,
CGBD,0001544206,0001544206-26-000033,10-Q,2026-03-31,2026-05-11,Investment | Non-Affiliated Issuer | First Lien Debt | HS Spa Holdings Inc. | Consumer Services 2,HS Spa Holdings Inc.,HS Spa Holdings Inc.,First Lien,Consumer Services 2,,,740000.0,744000.0,748000.0,,99.46,5.25,8.92,,,False,,,USD,
CGBD,0001544206,0001544206-26-000033,10-Q,2026-03-31,2026-05-11,"Investment | Non-Affiliated Issuer | First Lien Debt | Hyphen Solutions, LLC | Construction & Building","Hyphen Solutions, LLC","Hyphen Solutions, LLC",First Lien,Construction & Building,,,-30000.0,-9000.0,0.0,,333.33,4.5,8.17,,,False,,,USD,
CGBD,0001544206,0001544206-26-000033,10-Q,2026-03-31,2026-05-11,"Investment | Non-Affiliated Issuer | First Lien Debt | Icefall Parent, Inc. | Software","Icefall Parent, Inc.","Icefall Parent, Inc.",First Lien,Software,,,10070000.0,9968000.0,10088000.0,,101.02,4.5,8.2,,,False,,,USD,
CGBD,0001544206,0001544206-26-000033,10-Q,2026-03-31,2026-05-11,"Investment | Non-Affiliated Issuer | First Lien Debt | iCIMS, Inc. | Software","iCIMS, Inc.","iCIMS, Inc.",First Lien,Software,,,26922000.0,27609000.0,27816000.0,,97.51,5.75,9.42,,,False,,,USD,
CGBD,0001544206,0001544206-26-000033,10-Q,2026-03-31,2026-05-11,"Investment | Non-Affiliated Issuer | First Lien Debt | IEM New Sub 2, LLC | Energy: Electricity","IEM New Sub 2, LLC","IEM New Sub 2, LLC",First Lien,Energy: Electricity,,,-16000.0,-18000.0,0.0,,88.89,4.75,8.37,,,False,,,USD,
CGBD,0001544206,0001544206-26-000033,10-Q,2026-03-31,2026-05-11,"Investment | Non-Affiliated Issuer | First Lien Debt | IG Investments Holdings, LLC | Business Services","IG Investments Holdings, LLC","IG Investments Holdings, LLC",First Lien,Business Services,,,4387000.0,4394000.0,4387000.0,,99.84,5.0,8.67,,,False,,,USD,
CGBD,0001544206,0001544206-26-000033,10-Q,2026-03-31,2026-05-11,Investment | Non-Affiliated Issuer | First Lien Debt | Infront Luxembourg Finance S.À R.L. (Luxembourg) | Leisure Products & Services,Infront Luxembourg Finance S.À R.L. (Luxembourg),Infront Luxembourg Finance S.À R.L. (Luxembourg),First Lien,Leisure Products & Services,,,10077000.0,10472000.0,8718000.0,,96.23,4.5,12.01,,5.5,True,,,USD,
CGBD,0001544206,0001544206-26-000033,10-Q,2026-03-31,2026-05-11,Investment | Non-Affiliated Issuer | First Lien Debt | IQN Holding Corp. | Business Services,IQN Holding Corp.,IQN Holding Corp.,First Lien,Business Services,,,11639000.0,11837000.0,11873000.0,,98.33,2.63,9.46,,3.13,True,,,USD,
CGBD,0001544206,0001544206-26-000033,10-Q,2026-03-31,2026-05-11,"Investment | Non-Affiliated Issuer | First Lien Debt | Iron Infinity Buyer Sub, Inc. | Utilities: Oil & Gas","Iron Infinity Buyer Sub, Inc.","Iron Infinity Buyer Sub, Inc.",First Lien,Utilities: Oil & Gas,,,14531000.0,14838000.0,14908000.0,,97.93,4.75,8.45,,,False,,,USD,
CGBD,0001544206,0001544206-26-000033,10-Q,2026-03-31,2026-05-11,"Investment | Non-Affiliated Issuer | First Lien Debt | Jawbreaker Parent, Inc. | Software","Jawbreaker Parent, Inc.","Jawbreaker Parent, Inc.",First Lien,Software,,,4562000.0,4564000.0,4649000.0,,99.96,4.75,8.45,,,False,,,USD,
CGBD,0001544206,0001544206-26-000033,10-Q,2026-03-31,2026-05-11,"Investment | Non-Affiliated Issuer | First Lien Debt | Jeg's Automotive, LLC | Auto Aftermarket & Services 1","Jeg's Automotive, LLC","Jeg's Automotive, LLC",First Lien,Auto Aftermarket & Services 1,,,7168000.0,6242000.0,7168000.0,,114.83,2.9,12.58,,6.0,True,,,USD,
CGBD,0001544206,0001544206-26-000033,10-Q,2026-03-31,2026-05-11,"Investment | Non-Affiliated Issuer | First Lien Debt | Jeg's Automotive, LLC | Auto Aftermarket & Services 2","Jeg's Automotive, LLC","Jeg's Automotive, LLC",First Lien,Auto Aftermarket & Services 2,,,1189000.0,1042000.0,1190000.0,,114.11,1.0,10.68,,6.0,True,,,USD,
CGBD,0001544206,0001544206-26-000033,10-Q,2026-03-31,2026-05-11,"Investment | Non-Affiliated Issuer | First Lien Debt | Kona Buyer, LLC | Healthcare & Pharmaceuticals","Kona Buyer, LLC","Kona Buyer, LLC",First Lien,Healthcare & Pharmaceuticals,,,527000.0,520000.0,532000.0,,101.35,4.5,8.18,,,False,,,USD,
CGBD,0001544206,0001544206-26-000033,10-Q,2026-03-31,2026-05-11,"Investment | Non-Affiliated Issuer | First Lien Debt | LDS Intermediate Holdings, L.L.C. | Transportation: Cargo","LDS Intermediate Holdings, L.L.C.","LDS Intermediate Holdings, L.L.C.",First Lien,Transportation: Cargo,,,6894000.0,6881000.0,7066000.0,,100.19,5.0,8.67,,,False,,,USD,
CGBD,0001544206,0001544206-26-000033,10-Q,2026-03-31,2026-05-11,"Investment | Non-Affiliated Issuer | First Lien Debt | Leo BuyerCo, LLC | Capital Equipment","Leo BuyerCo, LLC","Leo BuyerCo, LLC",First Lien,Capital Equipment,,,9015000.0,9002000.0,9142000.0,,100.14,4.75,8.43,,,False,,,USD,
CGBD,0001544206,0001544206-26-000033,10-Q,2026-03-31,2026-05-11,"Investment | Non-Affiliated Issuer | First Lien Debt | Lifelong Learner Holdings, LLC | Business Services","Lifelong Learner Holdings, LLC","Lifelong Learner Holdings, LLC",First Lien,Business Services,,,3828000.0,4459000.0,4465000.0,,85.85,1.0,11.42,,6.75,True,,,USD,
CGBD,0001544206,0001544206-26-000033,10-Q,2026-03-31,2026-05-11,"Investment | Non-Affiliated Issuer | First Lien Debt | Material Holdings, LLC | Business Services 1","Material Holdings, LLC","Material Holdings, LLC",First Lien,Business Services 1,,,9583000.0,14296000.0,14294000.0,,67.03,4.62,9.7,,1.38,True,,,USD,
CGBD,0001544206,0001544206-26-000033,10-Q,2026-03-31,2026-05-11,"Investment | Non-Affiliated Issuer | First Lien Debt | Material Holdings, LLC | Business Services 2","Material Holdings, LLC","Material Holdings, LLC",First Lien,Business Services 2,,,0.0,1103000.0,3943000.0,,0.0,6.0,9.68,,100.0,True,,,USD,
CGBD,0001544206,0001544206-26-000033,10-Q,2026-03-31,2026-05-11,"Investment | Non-Affiliated Issuer | First Lien Debt | Material Holdings, LLC | Business Services 3","Material Holdings, LLC","Material Holdings, LLC",First Lien,Business Services 3,,,822000.0,822000.0,822000.0,,100.0,6.0,9.7,,100.0,True,,,USD,
CGBD,0001544206,0001544206-26-000033,10-Q,2026-03-31,2026-05-11,"Investment | Non-Affiliated Issuer | First Lien Debt | Matterhorn Finco, Inc. | Software","Matterhorn Finco, Inc.","Matterhorn Finco, Inc.",First Lien,Software,,,17847000.0,17849000.0,18056000.0,,99.99,5.5,9.2,,,False,,,USD,
CGBD,0001544206,0001544206-26-000033,10-Q,2026-03-31,2026-05-11,Investment | Non-Affiliated Issuer | First Lien Debt | McQueen Bidco PTY LTD. (Australia) | Auto Aftermarket & Services,McQueen Bidco PTY LTD. (Australia),McQueen Bidco PTY LTD. (Australia),First Lien,Auto Aftermarket & Services,,,-5000.0,-20000.0,0.0,,25.0,4.5,8.2,,,False,,,USD,
CGBD,0001544206,0001544206-26-000033,10-Q,2026-03-31,2026-05-11,Investment | Non-Affiliated Issuer | First Lien Debt | Merative L.P. | Healthcare & Pharmaceuticals,Merative L.P.,Merative L.P.,First Lien,Healthcare & Pharmaceuticals,,,41319000.0,40838000.0,41074000.0,,101.18,4.5,8.2,,,False,,,USD,
CGBD,0001544206,0001544206-26-000033,10-Q,2026-03-31,2026-05-11,"Investment | Non-Affiliated Issuer | First Lien Debt | Mindbody, Inc. | Leisure Products & Services","Mindbody, Inc.","Mindbody, Inc.",First Lien,Leisure Products & Services,,,21113000.0,21113000.0,21475000.0,,100.0,6.0,9.7,,,False,,,USD,
CGBD,0001544206,0001544206-26-000033,10-Q,2026-03-31,2026-05-11,"Investment | Non-Affiliated Issuer | First Lien Debt | Modernizing Medicine, Inc. | Healthcare & Pharmaceuticals","Modernizing Medicine, Inc.","Modernizing Medicine, Inc.",First Lien,Healthcare & Pharmaceuticals,,,11884000.0,11878000.0,11992000.0,,100.05,2.5,8.45,,2.25,True,,,USD,
CGBD,0001544206,0001544206-26-000033,10-Q,2026-03-31,2026-05-11,"Investment | Non-Affiliated Issuer | First Lien Debt | Monarch Buyer, Inc. | Business Services","Monarch Buyer, Inc.","Monarch Buyer, Inc.",First Lien,Business Services,,,4288000.0,4308000.0,4459000.0,,99.54,4.5,8.17,,,False,,,USD,
CGBD,0001544206,0001544206-26-000033,10-Q,2026-03-31,2026-05-11,"Investment | Non-Affiliated Issuer | First Lien Debt | More Cowbell II, LLC | Diversified Financial Services","More Cowbell II, LLC","More Cowbell II, LLC",First Lien,Diversified Financial Services,,,0.0,0.0,0.0,,,4.5,7.98,,,False,,,USD,
CGBD,0001544206,0001544206-26-000033,10-Q,2026-03-31,2026-05-11,"Investment | Non-Affiliated Issuer | First Lien Debt | NFO Orange Buyer, LLC | Construction & Building","NFO Orange Buyer, LLC","NFO Orange Buyer, LLC",First Lien,Construction & Building,,,1263000.0,1263000.0,1276000.0,,100.0,4.5,8.2,,,False,,,USD,
CGBD,0001544206,0001544206-26-000033,10-Q,2026-03-31,2026-05-11,"Investment | Non-Affiliated Issuer | First Lien Debt | NMI AcquisitionCo, Inc. | High Tech Industries","NMI AcquisitionCo, Inc.","NMI AcquisitionCo, Inc.",First Lien,High Tech Industries,,,46601000.0,46859000.0,46866000.0,,99.45,4.5,8.17,,,False,,,USD,
CGBD,0001544206,0001544206-26-000033,10-Q,2026-03-31,2026-05-11,"Investment | Non-Affiliated Issuer | First Lien Debt | North Haven Fairway Buyer, LLC | Consumer Services","North Haven Fairway Buyer, LLC","North Haven Fairway Buyer, LLC",First Lien,Consumer Services,,,29506000.0,29512000.0,29682000.0,,99.98,5.0,8.68,,,False,,,USD,
CGBD,0001544206,0001544206-26-000033,10-Q,2026-03-31,2026-05-11,"Investment | Non-Affiliated Issuer | First Lien Debt | Nuzoa Bidco, S.L.U. (Spain) | Healthcare & Pharmaceuticals","Nuzoa Bidco, S.L.U. (Spain)","Nuzoa Bidco, S.L.U. (Spain)",First Lien,Healthcare & Pharmaceuticals,,,7510000.0,7538000.0,6657000.0,,99.63,5.5,7.63,,,False,,,USD,
CGBD,0001544206,0001544206-26-000033,10-Q,2026-03-31,2026-05-11,"Investment | Non-Affiliated Issuer | First Lien Debt | Oak Purchaser, Inc. | Business Services 1","Oak Purchaser, Inc.","Oak Purchaser, Inc.",First Lien,Business Services 1,,,14159000.0,14224000.0,14317000.0,,99.54,5.5,9.24,,,False,,,USD,
CGBD,0001544206,0001544206-26-000033,10-Q,2026-03-31,2026-05-11,"Investment | Non-Affiliated Issuer | First Lien Debt | Oak Purchaser, Inc. | Business Services 2","Oak Purchaser, Inc.","Oak Purchaser, Inc.",First Lien,Business Services 2,,,4917000.0,4990000.0,5055000.0,,98.54,5.5,9.23,,,False,,,USD,
CGBD,0001544206,0001544206-26-000033,10-Q,2026-03-31,2026-05-11,"Investment | Non-Affiliated Issuer | First Lien Debt | OEConnection, LLC | Auto Aftermarket & Services","OEConnection, LLC","OEConnection, LLC",First Lien,Auto Aftermarket & Services,,,1129000.0,1128000.0,1137000.0,,100.09,4.5,8.17,,,False,,,USD,
CGBD,0001544206,0001544206-26-000033,10-Q,2026-03-31,2026-05-11,"Investment | Non-Affiliated Issuer | First Lien Debt | OEI, Inc. | Construction & Building","OEI, Inc.","OEI, Inc.",First Lien,Construction & Building,,,2195000.0,2186000.0,2278000.0,,100.41,4.5,8.21,,,False,,,USD,
CGBD,0001544206,0001544206-26-000033,10-Q,2026-03-31,2026-05-11,Investment | Non-Affiliated Issuer | First Lien Debt | Optimizely North America Inc. | High Tech Industries 1,Optimizely North America Inc.,Optimizely North America Inc.,First Lien,High Tech Industries 1,,,2694000.0,2578000.0,2400000.0,,104.5,5.25,7.16,,,False,,,USD,
CGBD,0001544206,0001544206-26-000033,10-Q,2026-03-31,2026-05-11,Investment | Non-Affiliated Issuer | First Lien Debt | Optimizely North America Inc. | High Tech Industries 2,Optimizely North America Inc.,Optimizely North America Inc.,First Lien,High Tech Industries 2,,,6863000.0,7048000.0,7104000.0,,97.38,5.0,8.67,,,False,,,USD,
CGBD,0001544206,0001544206-26-000033,10-Q,2026-03-31,2026-05-11,Investment | Non-Affiliated Issuer | First Lien Debt | Optimizely North America Inc. | High Tech Industries 3,Optimizely North America Inc.,Optimizely North America Inc.,First Lien,High Tech Industries 3,,,1236000.0,1234000.0,960000.0,,100.16,5.5,9.23,,,False,,,USD,
CGBD,0001544206,0001544206-26-000033,10-Q,2026-03-31,2026-05-11,Investment | Non-Affiliated Issuer | First Lien Debt | Orthrus Limited (United Kingdom) | Diversified Financial Services 1,Orthrus Limited (United Kingdom),Orthrus Limited (United Kingdom),First Lien,Diversified Financial Services 1,,,2138000.0,1982000.0,1868000.0,,107.87,3.5,8.29,,2.75,True,,,USD,
CGBD,0001544206,0001544206-26-000033,10-Q,2026-03-31,2026-05-11,Investment | Non-Affiliated Issuer | First Lien Debt | Orthrus Limited (United Kingdom) | Diversified Financial Services 2,Orthrus Limited (United Kingdom),Orthrus Limited (United Kingdom),First Lien,Diversified Financial Services 2,,,4886000.0,4884000.0,4936000.0,,100.04,3.5,9.91,,2.75,True,,,USD,
CGBD,0001544206,0001544206-26-000033,10-Q,2026-03-31,2026-05-11,Investment | Non-Affiliated Issuer | First Lien Debt | Orthrus Limited (United Kingdom) | Diversified Financial Services 3,Orthrus Limited (United Kingdom),Orthrus Limited (United Kingdom),First Lien,Diversified Financial Services 3,,,2734000.0,2674000.0,2091000.0,,102.24,3.5,9.98,,2.75,True,,,USD,
CGBD,0001544206,0001544206-26-000033,10-Q,2026-03-31,2026-05-11,Investment | Non-Affiliated Issuer | First Lien Debt | Orthrus Limited (United Kingdom) | Diversified Financial Services 4,Orthrus Limited (United Kingdom),Orthrus Limited (United Kingdom),First Lien,Diversified Financial Services 4,,,707000.0,714000.0,714000.0,,99.02,3.5,9.91,,2.75,True,,,USD,
CGBD,0001544206,0001544206-26-000033,10-Q,2026-03-31,2026-05-11,Investment | Non-Affiliated Issuer | First Lien Debt | PAM Bidco Limited (United Kingdom) | Utilities: Water 1,PAM Bidco Limited (United Kingdom),PAM Bidco Limited (United Kingdom),First Lien,Utilities: Water 1,,,102000.0,101000.0,80000.0,,100.99,10.75,10.75,,,False,,,USD,
CGBD,0001544206,0001544206-26-000033,10-Q,2026-03-31,2026-05-11,Investment | Non-Affiliated Issuer | First Lien Debt | PAM Bidco Limited (United Kingdom) | Utilities: Water 2,PAM Bidco Limited (United Kingdom),PAM Bidco Limited (United Kingdom),First Lien,Utilities: Water 2,,,8731000.0,8545000.0,6721000.0,,102.18,7.3,11.24,,,False,,,USD,
CGBD,0001544206,0001544206-26-000033,10-Q,2026-03-31,2026-05-11,"Investment | Non-Affiliated Issuer | First Lien Debt | PDI TA Holdings, Inc | Software","PDI TA Holdings, Inc","PDI TA Holdings, Inc",First Lien,Software,,,16251000.0,16955000.0,16913000.0,,95.85,3.5,9.67,,2.5,True,,,USD,
CGBD,0001544206,0001544206-26-000033,10-Q,2026-03-31,2026-05-11,"Investment | Non-Affiliated Issuer | First Lien Debt | PPV Intermediate Holdings, LLC | Healthcare & Pharmaceuticals 1","PPV Intermediate Holdings, LLC","PPV Intermediate Holdings, LLC",First Lien,Healthcare & Pharmaceuticals 1,,,4843000.0,5037000.0,5091000.0,,96.15,5.25,8.92,,,False,,,USD,
CGBD,0001544206,0001544206-26-000033,10-Q,2026-03-31,2026-05-11,"Investment | Non-Affiliated Issuer | First Lien Debt | PPV Intermediate Holdings, LLC | Healthcare & Pharmaceuticals 2","PPV Intermediate Holdings, LLC","PPV Intermediate Holdings, LLC",First Lien,Healthcare & Pharmaceuticals 2,,,15872000.0,15831000.0,15872000.0,,100.26,5.75,9.42,,,False,,,USD,
CGBD,0001544206,0001544206-26-000033,10-Q,2026-03-31,2026-05-11,"Investment | Non-Affiliated Issuer | First Lien Debt | PPV Intermediate Holdings, LLC | Healthcare & Pharmaceuticals 3","PPV Intermediate Holdings, LLC","PPV Intermediate Holdings, LLC",First Lien,Healthcare & Pharmaceuticals 3,,,205000.0,206000.0,206000.0,,99.51,6.0,9.67,,,False,,,USD,
CGBD,0001544206,0001544206-26-000033,10-Q,2026-03-31,2026-05-11,"Investment | Non-Affiliated Issuer | First Lien Debt | Project Castle, Inc. | Capital Equipment","Project Castle, Inc.","Project Castle, Inc.",First Lien,Capital Equipment,,,4375000.0,7666000.0,8203000.0,,57.07,5.5,9.36,,,False,,,USD,
CGBD,0001544206,0001544206-26-000033,10-Q,2026-03-31,2026-05-11,Investment | Non-Affiliated Issuer | First Lien Debt | Prophix Software Inc. (Canada) | Software 1,Prophix Software Inc. (Canada),Prophix Software Inc. (Canada),First Lien,Software 1,,,1342000.0,1346000.0,1350000.0,,99.7,6.0,9.69,,,False,,,USD,
CGBD,0001544206,0001544206-26-000033,10-Q,2026-03-31,2026-05-11,Investment | Non-Affiliated Issuer | First Lien Debt | Prophix Software Inc. (Canada) | Software 2,Prophix Software Inc. (Canada),Prophix Software Inc. (Canada),First Lien,Software 2,,,17919000.0,17933000.0,17995000.0,,99.92,6.0,9.67,,,False,,,USD,
CGBD,0001544206,0001544206-26-000033,10-Q,2026-03-31,2026-05-11,"Investment | Non-Affiliated Issuer | First Lien Debt | Propio LS, LLC | Healthcare & Pharmaceuticals","Propio LS, LLC","Propio LS, LLC",First Lien,Healthcare & Pharmaceuticals,,,11867000.0,12003000.0,12108000.0,,98.87,4.75,8.45,,,False,,,USD,
CGBD,0001544206,0001544206-26-000033,10-Q,2026-03-31,2026-05-11,"Investment | Non-Affiliated Issuer | First Lien Debt | PROS Parent, Inc. | Transportation: Consumer","PROS Parent, Inc.","PROS Parent, Inc.",First Lien,Transportation: Consumer,,,10457000.0,10456000.0,10488000.0,,100.01,4.75,8.42,,,False,,,USD,
CGBD,0001544206,0001544206-26-000033,10-Q,2026-03-31,2026-05-11,"Investment | Non-Affiliated Issuer | First Lien Debt | PXO Holdings I Corp. | Chemicals, Plastics & Rubber",PXO Holdings I Corp.,PXO Holdings I Corp.,First Lien,"Chemicals, Plastics & Rubber",,,22429000.0,22780000.0,22910000.0,,98.46,5.5,9.19,,,False,,,USD,
CGBD,0001544206,0001544206-26-000033,10-Q,2026-03-31,2026-05-11,"Investment | Non-Affiliated Issuer | First Lien Debt | QBS Parent, Inc. | Energy: Oil & Gas","QBS Parent, Inc.","QBS Parent, Inc.",First Lien,Energy: Oil & Gas,,,673000.0,740000.0,791000.0,,90.95,4.5,8.2,,,False,,,USD,
CGBD,0001544206,0001544206-26-000033,10-Q,2026-03-31,2026-05-11,"Investment | Non-Affiliated Issuer | First Lien Debt | Radwell Parent, LLC | Wholesale","Radwell Parent, LLC","Radwell Parent, LLC",First Lien,Wholesale,,,20472000.0,20325000.0,20579000.0,,100.72,5.5,9.2,,,False,,,USD,
CGBD,0001544206,0001544206-26-000033,10-Q,2026-03-31,2026-05-11,"Investment | Non-Affiliated Issuer | First Lien Debt | Rialto Management Group, LLC | Diversified Financial Services","Rialto Management Group, LLC","Rialto Management Group, LLC",First Lien,Diversified Financial Services,,,14961000.0,14872000.0,14993000.0,,100.6,4.75,8.42,,,False,,,USD,
CGBD,0001544206,0001544206-26-000033,10-Q,2026-03-31,2026-05-11,"Investment | Non-Affiliated Issuer | First Lien Debt | Rotation Buyer, LLC | Capital Equipment","Rotation Buyer, LLC","Rotation Buyer, LLC",First Lien,Capital Equipment,,,4510000.0,4591000.0,4643000.0,,98.24,4.75,8.45,,,False,,,USD,
CGBD,0001544206,0001544206-26-000033,10-Q,2026-03-31,2026-05-11,"Investment | Non-Affiliated Issuer | First Lien Debt | Saguaro Buyer, LLC | Leisure Products & Services","Saguaro Buyer, LLC","Saguaro Buyer, LLC",First Lien,Leisure Products & Services,,,5286000.0,5292000.0,5361000.0,,99.89,4.5,8.2,,,False,,,USD,
CGBD,0001544206,0001544206-26-000033,10-Q,2026-03-31,2026-05-11,"Investment | Non-Affiliated Issuer | First Lien Debt | SCHP Purchaser, INC | Healthcare & Pharmaceuticals","SCHP Purchaser, INC","SCHP Purchaser, INC",First Lien,Healthcare & Pharmaceuticals,,,-26000.0,-29000.0,0.0,,89.66,4.5,8.17,,,False,,,USD,
CGBD,0001544206,0001544206-26-000033,10-Q,2026-03-31,2026-05-11,"Investment | Non-Affiliated Issuer | First Lien Debt | SCP Eye Care HoldCo, LLC | Healthcare & Pharmaceuticals","SCP Eye Care HoldCo, LLC","SCP Eye Care HoldCo, LLC",First Lien,Healthcare & Pharmaceuticals,,,11089000.0,11120000.0,11089000.0,,99.72,5.5,9.17,,,False,,,USD,
CGBD,0001544206,0001544206-26-000033,10-Q,2026-03-31,2026-05-11,"Investment | Non-Affiliated Issuer | First Lien Debt | Seahawk Bidco, LLC | Consumer Services","Seahawk Bidco, LLC","Seahawk Bidco, LLC",First Lien,Consumer Services,,,12691000.0,12671000.0,12793000.0,,100.16,4.75,8.43,,,False,,,USD,
CGBD,0001544206,0001544206-26-000033,10-Q,2026-03-31,2026-05-11,Investment | Non-Affiliated Issuer | First Lien Debt | Secretariat Advisors LLC | Construction & Building,Secretariat Advisors LLC,Secretariat Advisors LLC,First Lien,Construction & Building,,,-43000.0,-9000.0,0.0,,477.78,4.0,7.7,,,False,,,USD,
CGBD,0001544206,0001544206-26-000033,10-Q,2026-03-31,2026-05-11,"Investment | Non-Affiliated Issuer | First Lien Debt | SIG Parent Holdings, LLC | Diversified Financial Services","SIG Parent Holdings, LLC","SIG Parent Holdings, LLC",First Lien,Diversified Financial Services,,,3760000.0,3762000.0,3931000.0,,99.95,5.0,8.67,,,False,,,USD,
CGBD,0001544206,0001544206-26-000033,10-Q,2026-03-31,2026-05-11,Investment | Non-Affiliated Issuer | First Lien Debt | Sigma Irish Acquico Limited (Ireland) | Diversified Financial Services 1,Sigma Irish Acquico Limited (Ireland),Sigma Irish Acquico Limited (Ireland),First Lien,Diversified Financial Services 1,,,7704000.0,7306000.0,6766000.0,,105.45,5.25,7.38,,,False,,,USD,
CGBD,0001544206,0001544206-26-000033,10-Q,2026-03-31,2026-05-11,Investment | Non-Affiliated Issuer | First Lien Debt | Sigma Irish Acquico Limited (Ireland) | Diversified Financial Services 2,Sigma Irish Acquico Limited (Ireland),Sigma Irish Acquico Limited (Ireland),First Lien,Diversified Financial Services 2,,,-34000.0,-33000.0,0.0,,103.03,5.25,8.88,,,False,,,USD,
CGBD,0001544206,0001544206-26-000033,10-Q,2026-03-31,2026-05-11,Investment | Non-Affiliated Issuer | First Lien Debt | SitusAMC Holdings Corporation | Diversified Financial Services,SitusAMC Holdings Corporation,SitusAMC Holdings Corporation,First Lien,Diversified Financial Services,,,27192000.0,27432000.0,27554000.0,,99.13,5.5,9.2,,,False,,,USD,
CGBD,0001544206,0001544206-26-000033,10-Q,2026-03-31,2026-05-11,Investment | Non-Affiliated Issuer | First Lien Debt | Smarsh Inc. | Software,Smarsh Inc.,Smarsh Inc.,First Lien,Software,,,8921000.0,8916000.0,9014000.0,,100.06,4.75,8.45,,,False,,,USD,
CGBD,0001544206,0001544206-26-000033,10-Q,2026-03-31,2026-05-11,"Investment | Non-Affiliated Issuer | First Lien Debt | Specialty Pharma III, Inc. | Healthcare & Pharmaceuticals","Specialty Pharma III, Inc.","Specialty Pharma III, Inc.",First Lien,Healthcare & Pharmaceuticals,,,15683000.0,15665000.0,15750000.0,,100.11,4.75,8.43,,,False,,,USD,
CGBD,0001544206,0001544206-26-000033,10-Q,2026-03-31,2026-05-11,Investment | Non-Affiliated Issuer | First Lien Debt | Speedstar Holding LLC | Auto Aftermarket & Services,Speedstar Holding LLC,Speedstar Holding LLC,First Lien,Auto Aftermarket & Services,,,16973000.0,17827000.0,17943000.0,,95.21,6.0,9.65,,,False,,,USD,
CGBD,0001544206,0001544206-26-000033,10-Q,2026-03-31,2026-05-11,"Investment | Non-Affiliated Issuer | First Lien Debt | Spotless Brands, LLC | Consumer Services 1","Spotless Brands, LLC","Spotless Brands, LLC",First Lien,Consumer Services 1,,,9017000.0,8944000.0,9000000.0,,100.82,5.5,9.17,,,False,,,USD,
CGBD,0001544206,0001544206-26-000033,10-Q,2026-03-31,2026-05-11,"Investment | Non-Affiliated Issuer | First Lien Debt | Spotless Brands, LLC | Consumer Services 2","Spotless Brands, LLC","Spotless Brands, LLC",First Lien,Consumer Services 2,,,46757000.0,46252000.0,46516000.0,,101.09,5.75,9.45,,,False,,,USD,
CGBD,0001544206,0001544206-26-000033,10-Q,2026-03-31,2026-05-11,"Investment | Non-Affiliated Issuer | First Lien Debt | Summit Bidco, Inc. (Canada) | Diversified Financial Services","Summit Bidco, Inc. (Canada)","Summit Bidco, Inc. (Canada)",First Lien,Diversified Financial Services,,,394000.0,392000.0,556000.0,,100.51,4.75,7.01,,,False,,,USD,
CGBD,0001544206,0001544206-26-000033,10-Q,2026-03-31,2026-05-11,Investment | Non-Affiliated Issuer | First Lien Debt | Tank Holding Corp. | Capital Equipment 1,Tank Holding Corp.,Tank Holding Corp.,First Lien,Capital Equipment 1,,,21764000.0,24514000.0,24677000.0,,88.78,5.75,9.42,,,False,,,USD,
CGBD,0001544206,0001544206-26-000033,10-Q,2026-03-31,2026-05-11,Investment | Non-Affiliated Issuer | First Lien Debt | Tank Holding Corp. | Capital Equipment 2,Tank Holding Corp.,Tank Holding Corp.,First Lien,Capital Equipment 2,,,3132000.0,3491000.0,3512000.0,,89.72,6.0,9.67,,,False,,,USD,
CGBD,0001544206,0001544206-26-000033,10-Q,2026-03-31,2026-05-11,Investment | Non-Affiliated Issuer | First Lien Debt | TCFI Aevex LLC | Aerospace & Defense,TCFI Aevex LLC,TCFI Aevex LLC,First Lien,Aerospace & Defense,,,12307000.0,12307000.0,12307000.0,,100.0,6.0,9.67,,,False,,,USD,
CGBD,0001544206,0001544206-26-000033,10-Q,2026-03-31,2026-05-11,"Investment | Non-Affiliated Issuer | First Lien Debt | The Chartis Group, LLC | Healthcare & Pharmaceuticals","The Chartis Group, LLC","The Chartis Group, LLC",First Lien,Healthcare & Pharmaceuticals,,,864000.0,744000.0,793000.0,,116.13,4.25,7.95,,,False,,,USD,
CGBD,0001544206,0001544206-26-000033,10-Q,2026-03-31,2026-05-11,Investment | Non-Affiliated Issuer | First Lien Debt | Total Power Limited (Canada) | Energy: Electricity,Total Power Limited (Canada),Total Power Limited (Canada),First Lien,Energy: Electricity,,,9603000.0,9593000.0,13570000.0,,100.1,4.5,6.89,,,False,,,USD,
CGBD,0001544206,0001544206-26-000033,10-Q,2026-03-31,2026-05-11,"Investment | Non-Affiliated Issuer | First Lien Debt | Trintech, Inc. | Software","Trintech, Inc.","Trintech, Inc.",First Lien,Software,,,6859000.0,6928000.0,7049000.0,,99.0,4.75,8.42,,,False,,,USD,
CGBD,0001544206,0001544206-26-000033,10-Q,2026-03-31,2026-05-11,"Investment | Non-Affiliated Issuer | First Lien Debt | Tufin Software North America, Inc. | Software","Tufin Software North America, Inc.","Tufin Software North America, Inc.",First Lien,Software,,,38327000.0,38154000.0,38458000.0,,100.45,4.93,8.6,,,False,,,USD,
CGBD,0001544206,0001544206-26-000033,10-Q,2026-03-31,2026-05-11,"Investment | Non-Affiliated Issuer | First Lien Debt | U.S. Legal Support, Inc. | Business Services","U.S. Legal Support, Inc.","U.S. Legal Support, Inc.",First Lien,Business Services,,,22904000.0,22993000.0,22998000.0,,99.61,5.5,9.17,,,False,,,USD,
CGBD,0001544206,0001544206-26-000033,10-Q,2026-03-31,2026-05-11,Investment | Non-Affiliated Issuer | First Lien Debt | UFT Buyer LLC | Environmental Industries,UFT Buyer LLC,UFT Buyer LLC,First Lien,Environmental Industries,,,1002000.0,1001000.0,1015000.0,,100.1,2.25,8.7,,2.75,True,,,USD,
CGBD,0001544206,0001544206-26-000033,10-Q,2026-03-31,2026-05-11,"Investment | Non-Affiliated Issuer | First Lien Debt | US INFRA SVCS Buyer, LLC | Environmental Industries","US INFRA SVCS Buyer, LLC","US INFRA SVCS Buyer, LLC",First Lien,Environmental Industries,,,8163000.0,10734000.0,10878000.0,,76.05,1.0,10.42,,5.75,True,,,USD,
CGBD,0001544206,0001544206-26-000033,10-Q,2026-03-31,2026-05-11,Investment | Non-Affiliated Issuer | First Lien Debt | USR Parent Inc. | Retail,USR Parent Inc.,USR Parent Inc.,First Lien,Retail,,,4097000.0,4121000.0,4137000.0,,99.42,7.6,11.27,,,False,,,USD,
CGBD,0001544206,0001544206-26-000033,10-Q,2026-03-31,2026-05-11,"Investment | Non-Affiliated Issuer | First Lien Debt | Vensure Employer Services, Inc. | Business Services","Vensure Employer Services, Inc.","Vensure Employer Services, Inc.",First Lien,Business Services,,,32792000.0,33100000.0,33326000.0,,99.07,5.0,8.69,,,False,,,USD,
CGBD,0001544206,0001544206-26-000033,10-Q,2026-03-31,2026-05-11,"Investment | Non-Affiliated Issuer | First Lien Debt | Victors Purchaser, LLC | High Tech Industries","Victors Purchaser, LLC","Victors Purchaser, LLC",First Lien,High Tech Industries,,,-6000.0,-18000.0,0.0,,33.33,4.5,8.2,,,False,,,USD,
CGBD,0001544206,0001544206-26-000033,10-Q,2026-03-31,2026-05-11,Investment | Non-Affiliated Issuer | First Lien Debt | Vienna Bidco Limited (United Kingdom) | Healthcare & Pharmaceuticals,Vienna Bidco Limited (United Kingdom),Vienna Bidco Limited (United Kingdom),First Lien,Healthcare & Pharmaceuticals,,,9374000.0,9523000.0,7264000.0,,98.44,5.65,9.38,,,False,,,USD,
CGBD,0001544206,0001544206-26-000033,10-Q,2026-03-31,2026-05-11,"Investment | Non-Affiliated Issuer | First Lien Debt | VRC Companies, LLC | Business Services","VRC Companies, LLC","VRC Companies, LLC",First Lien,Business Services,,,-4000.0,-2000.0,0.0,,200.0,5.25,8.92,,,False,,,USD,
CGBD,0001544206,0001544206-26-000033,10-Q,2026-03-31,2026-05-11,"Investment | Non-Affiliated Issuer | First Lien Debt | Whitney Merger Sub, Inc. | Leisure Products & Services","Whitney Merger Sub, Inc.","Whitney Merger Sub, Inc.",First Lien,Leisure Products & Services,,,23641000.0,23938000.0,24205000.0,,98.76,4.75,8.45,,,False,,,USD,
CGBD,0001544206,0001544206-26-000033,10-Q,2026-03-31,2026-05-11,Investment | Non-Affiliated Issuer | First Lien Debt | Wineshipping.com LLC | Beverage & Food,Wineshipping.com LLC,Wineshipping.com LLC,First Lien,Beverage & Food,,,11748000.0,17050000.0,18136000.0,,68.9,6.25,9.95,,100.0,True,,,USD,
CGBD,0001544206,0001544206-26-000033,10-Q,2026-03-31,2026-05-11,"Investment | Non-Affiliated Issuer | First Lien Debt | World 50, Inc. | Business Services","World 50, Inc.","World 50, Inc.",First Lien,Business Services,,,18719000.0,18474000.0,18757000.0,,101.33,4.5,8.17,,,False,,,USD,
CGBD,0001544206,0001544206-26-000033,10-Q,2026-03-31,2026-05-11,"Investment | Non-Affiliated Issuer | First Lien Debt | Yellowstone Buyer Acquisition, LLC | Consumer Goods: Durable","Yellowstone Buyer Acquisition, LLC","Yellowstone Buyer Acquisition, LLC",First Lien,Consumer Goods: Durable,,,399000.0,429000.0,432000.0,,93.01,5.75,9.42,,,False,,,USD,
CGBD,0001544206,0001544206-26-000033,10-Q,2026-03-31,2026-05-11,"Investment | Non-Affiliated Issuer | First Lien Debt | YLG Holdings, Inc. | Consumer Services","YLG Holdings, Inc.","YLG Holdings, Inc.",First Lien,Consumer Services,,,6458000.0,6441000.0,6458000.0,,100.26,4.75,8.41,,,False,,,USD,
CGBD,0001544206,0001544206-26-000033,10-Q,2026-03-31,2026-05-11,"Investment | Non-Affiliated Issuer | Second Lien Debt | AQA Acquisition Holdings, Inc. | High Tech Industries","AQA Acquisition Holdings, Inc.","AQA Acquisition Holdings, Inc.",Second Lien,High Tech Industries,,,33365000.0,39587000.0,40000000.0,,84.28,6.25,9.92,,,False,,,USD,
CGBD,0001544206,0001544206-26-000033,10-Q,2026-03-31,2026-05-11,"Investment | Non-Affiliated Issuer | Second Lien Debt | Associations, Inc. | Construction & Building 1","Associations, Inc.","Associations, Inc.",Second Lien,Construction & Building 1,,,7118000.0,7117000.0,7118000.0,,100.01,14.25,14.25,,100.0,True,,,USD,
CGBD,0001544206,0001544206-26-000033,10-Q,2026-03-31,2026-05-11,"Investment | Non-Affiliated Issuer | Second Lien Debt | Associations, Inc. | Construction & Building 2","Associations, Inc.","Associations, Inc.",Second Lien,Construction & Building 2,,,2726000.0,2718000.0,2718000.0,,100.29,14.25,14.25,,100.0,True,,,USD,
CGBD,0001544206,0001544206-26-000033,10-Q,2026-03-31,2026-05-11,"Investment | Non-Affiliated Issuer | Second Lien Debt | Bayside OPCP, LLC | Healthcare & Pharmaceuticals","Bayside OPCP, LLC","Bayside OPCP, LLC",Second Lien,Healthcare & Pharmaceuticals,,,6765000.0,6698000.0,6765000.0,,101.0,10.0,13.7,,100.0,True,,,USD,
CGBD,0001544206,0001544206-26-000033,10-Q,2026-03-31,2026-05-11,"Investment | Non-Affiliated Issuer | Second Lien Debt | Denali Midco 2, LLC | Consumer Services","Denali Midco 2, LLC","Denali Midco 2, LLC",Second Lien,Consumer Services,,,3070000.0,3081000.0,3115000.0,,99.64,13.0,13.0,,100.0,True,,,USD,
CGBD,0001544206,0001544206-26-000033,10-Q,2026-03-31,2026-05-11,"Investment | Non-Affiliated Issuer | Second Lien Debt | FPG Intermediate Holdco, LLC | Consumer Services","FPG Intermediate Holdco, LLC","FPG Intermediate Holdco, LLC",Second Lien,Consumer Services,,,37000.0,35000.0,37000.0,,105.71,5.0,8.68,,,False,,,USD,
CGBD,0001544206,0001544206-26-000033,10-Q,2026-03-31,2026-05-11,"Investment | Non-Affiliated Issuer | Second Lien Debt | PAI Holdco, Inc. | Auto Aftermarket & Services","PAI Holdco, Inc.","PAI Holdco, Inc.",Second Lien,Auto Aftermarket & Services,,,13219000.0,14907000.0,15071000.0,,88.68,5.5,11.17,,2.0,True,,,USD,
CGBD,0001544206,0001544206-26-000033,10-Q,2026-03-31,2026-05-11,Investment | Non-Affiliated Issuer | Second Lien Debt | TruGreen Limited Partnership | Consumer Services,TruGreen Limited Partnership,TruGreen Limited Partnership,Second Lien,Consumer Services,,,12025000.0,12888000.0,13000000.0,,93.3,8.5,12.17,,,False,,,USD,
CGBD,0001544206,0001544206-26-000033,10-Q,2026-03-31,2026-05-11,Investment | Non-Affiliated Issuer | Equity Investments | 48Forty TopCo LLC | Transportation: Cargo 1,48Forty TopCo LLC,48Forty TopCo LLC,Equity,Transportation: Cargo 1,,,5636000.0,6511000.0,,1000.0,86.56,,,,,False,,,USD,
CGBD,0001544206,0001544206-26-000033,10-Q,2026-03-31,2026-05-11,Investment | Non-Affiliated Issuer | Equity Investments | 48Forty TopCo LLC | Transportation: Cargo 2,48Forty TopCo LLC,48Forty TopCo LLC,Equity,Transportation: Cargo 2,,,0.0,0.0,,1000.0,,,,,,False,,,USD,
CGBD,0001544206,0001544206-26-000033,10-Q,2026-03-31,2026-05-11,"Investment | Non-Affiliated Issuer | Equity Investments | Aimbridge Acquisition Co., Inc. | Leisure Products & Services","Aimbridge Acquisition Co., Inc.","Aimbridge Acquisition Co., Inc.",Equity,Leisure Products & Services,,,1133000.0,1142000.0,,23000.0,99.21,,,,,False,,,USD,
CGBD,0001544206,0001544206-26-000033,10-Q,2026-03-31,2026-05-11,Investment | Non-Affiliated Issuer | Equity Investments | Ampersand Partners Feeder AIV LP | Diversified Financial Services,Ampersand Partners Feeder AIV LP,Ampersand Partners Feeder AIV LP,Equity,Diversified Financial Services,,,3592000.0,3530000.0,,170000.0,101.76,,,,,False,,,USD,
CGBD,0001544206,0001544206-26-000033,10-Q,2026-03-31,2026-05-11,"Investment | Non-Affiliated Issuer | Equity Investments | ANLG Holdings, LLC | Capital Equipment","ANLG Holdings, LLC","ANLG Holdings, LLC",Equity,Capital Equipment,,,1118000.0,592000.0,,592000.0,188.85,,,,,False,,,USD,
CGBD,0001544206,0001544206-26-000033,10-Q,2026-03-31,2026-05-11,Investment | Non-Affiliated Issuer | Equity Investments | Atlas Ontario LP (Canada) | Business Services,Atlas Ontario LP (Canada),Atlas Ontario LP (Canada),Equity,Business Services,,,10227000.0,5114000.0,,5114000.0,199.98,,,,,False,,,USD,
CGBD,0001544206,0001544206-26-000033,10-Q,2026-03-31,2026-05-11,"Investment | Non-Affiliated Issuer | Equity Investments | Bayside HoldCo, LLC | Healthcare & Pharmaceuticals","Bayside HoldCo, LLC","Bayside HoldCo, LLC",Equity,Healthcare & Pharmaceuticals,,,9824000.0,0.0,,6000.0,,,,,,False,,,USD,
CGBD,0001544206,0001544206-26-000033,10-Q,2026-03-31,2026-05-11,"Investment | Non-Affiliated Issuer | Equity Investments | Blackbird Holdco, Inc. | Capital Equipment","Blackbird Holdco, Inc.","Blackbird Holdco, Inc.",Equity,Capital Equipment,,,16464000.0,16453000.0,,17000.0,100.07,12.5,,,100.0,True,,,USD,
CGBD,0001544206,0001544206-26-000033,10-Q,2026-03-31,2026-05-11,"Investment | Non-Affiliated Issuer | Equity Investments | Buckeye Group Holdings, L.P. | Auto Aftermarket & Services 1","Buckeye Group Holdings, L.P.","Buckeye Group Holdings, L.P.",Equity,Auto Aftermarket & Services 1,,,0.0,1521000.0,,5118000.0,0.0,10.68,,,100.0,True,,,USD,
CGBD,0001544206,0001544206-26-000033,10-Q,2026-03-31,2026-05-11,"Investment | Non-Affiliated Issuer | Equity Investments | CIP Revolution Holdings, LLC | Media: Advertising, Printing & Publishing","CIP Revolution Holdings, LLC","CIP Revolution Holdings, LLC",Equity,"Media: Advertising, Printing & Publishing",,,241000.0,318000.0,,318000.0,75.79,,,,,False,,,USD,
CGBD,0001544206,0001544206-26-000033,10-Q,2026-03-31,2026-05-11,"Investment | Non-Affiliated Issuer | Equity Investments | Comar Aggregator Co, LLC | Containers, Packaging & Glass","Comar Aggregator Co, LLC","Comar Aggregator Co, LLC",Equity,"Containers, Packaging & Glass",,,10617000.0,10674000.0,,21000.0,99.47,,,,,False,,,USD,
CGBD,0001544206,0001544206-26-000033,10-Q,2026-03-31,2026-05-11,Investment | Non-Affiliated Issuer | Equity Investments | Cority Software Inc. (Canada) | Software,Cority Software Inc. (Canada),Cority Software Inc. (Canada),Equity,Software,,,958000.0,250000.0,,250000.0,383.2,,,,,False,,,USD,
CGBD,0001544206,0001544206-26-000033,10-Q,2026-03-31,2026-05-11,Investment | Non-Affiliated Issuer | Equity Investments | Diligent Corporation | Telecommunications,Diligent Corporation,Diligent Corporation,Equity,Telecommunications,,,16155000.0,16783000.0,,17000.0,96.26,10.5,,,100.0,True,,,USD,
CGBD,0001544206,0001544206-26-000033,10-Q,2026-03-31,2026-05-11,"Investment | Non-Affiliated Issuer | Equity Investments | ECP Parent, LLC | Healthcare & Pharmaceuticals","ECP Parent, LLC","ECP Parent, LLC",Equity,Healthcare & Pharmaceuticals,,,22000.0,0.0,,268000.0,,,,,,False,,,USD,
CGBD,0001544206,0001544206-26-000033,10-Q,2026-03-31,2026-05-11,"Investment | Non-Affiliated Issuer | Equity Investments | EvolveIP, LLC | Telecommunications","EvolveIP, LLC","EvolveIP, LLC",Equity,Telecommunications,,,381000.0,215000.0,,107000.0,177.21,,,,,False,,,USD,
CGBD,0001544206,0001544206-26-000033,10-Q,2026-03-31,2026-05-11,"Investment | Non-Affiliated Issuer | Equity Investments | FPG Intermediate Holdco, LLC | Consumer Services","FPG Intermediate Holdco, LLC","FPG Intermediate Holdco, LLC",Equity,Consumer Services,,,43000.0,48000.0,,1000.0,89.58,,,,,False,,,USD,
CGBD,0001544206,0001544206-26-000033,10-Q,2026-03-31,2026-05-11,"Investment | Non-Affiliated Issuer | Equity Investments | FS NU Investors, LP | Consumer Services","FS NU Investors, LP","FS NU Investors, LP",Equity,Consumer Services,,,0.0,219000.0,,3000.0,0.0,20.0,,,100.0,True,,,USD,
CGBD,0001544206,0001544206-26-000033,10-Q,2026-03-31,2026-05-11,"Investment | Non-Affiliated Issuer | Equity Investments | GB Vino Parent, L.P. | Beverage & Food","GB Vino Parent, L.P.","GB Vino Parent, L.P.",Equity,Beverage & Food,,,0.0,275000.0,,4000.0,0.0,,,,,False,,,USD,
CGBD,0001544206,0001544206-26-000033,10-Q,2026-03-31,2026-05-11,"Investment | Non-Affiliated Issuer | Equity Investments | HIG Intermediate, Inc. | Diversified Financial Services","HIG Intermediate, Inc.","HIG Intermediate, Inc.",Equity,Diversified Financial Services,,,1510000.0,1508000.0,,2000.0,100.13,10.5,,,,False,,,USD,
CGBD,0001544206,0001544206-26-000033,10-Q,2026-03-31,2026-05-11,"Investment | Non-Affiliated Issuer | Equity Investments | Integrity Marketing Group, LLC | Diversified Financial Services","Integrity Marketing Group, LLC","Integrity Marketing Group, LLC",Equity,Diversified Financial Services,,,23049000.0,23458000.0,,23450000.0,98.26,10.5,,,100.0,True,,,USD,
CGBD,0001544206,0001544206-26-000033,10-Q,2026-03-31,2026-05-11,Investment | Non-Affiliated Issuer | Equity Investments | Navacord Intermediate Holdings Inc. (Canada) | Diversified Financial Services,Navacord Intermediate Holdings Inc. (Canada),Navacord Intermediate Holdings Inc. (Canada),Equity,Diversified Financial Services,,,10135000.0,10357000.0,,14000.0,97.86,11.0,,,100.0,True,,,USD,
CGBD,0001544206,0001544206-26-000033,10-Q,2026-03-31,2026-05-11,Investment | Non-Affiliated Issuer | Equity Investments | NearU Holdings LLC | Consumer Services,NearU Holdings LLC,NearU Holdings LLC,Equity,Consumer Services,,,0.0,2598000.0,,30000.0,0.0,,,,,False,,,USD,
CGBD,0001544206,0001544206-26-000033,10-Q,2026-03-31,2026-05-11,"Investment | Non-Affiliated Issuer | Equity Investments | Pascal Ultimate Holdings, L.P | Capital Equipment","Pascal Ultimate Holdings, L.P","Pascal Ultimate Holdings, L.P",Equity,Capital Equipment,,,948000.0,346000.0,,36000.0,273.99,,,,,False,,,USD,
CGBD,0001544206,0001544206-26-000033,10-Q,2026-03-31,2026-05-11,"Investment | Non-Affiliated Issuer | Equity Investments | Profile Holdings I, LP | Chemicals, Plastics & Rubber","Profile Holdings I, LP","Profile Holdings I, LP",Equity,"Chemicals, Plastics & Rubber",,,353000.0,523000.0,,5000.0,67.5,,,,,False,,,USD,
CGBD,0001544206,0001544206-26-000033,10-Q,2026-03-31,2026-05-11,Investment | Non-Affiliated Issuer | Equity Investments | Project Carbo S.a.r.l. (Luxembourg) | High Tech Industries,Project Carbo S.a.r.l. (Luxembourg),Project Carbo S.a.r.l. (Luxembourg),Equity,High Tech Industries,,,2444000.0,2255000.0,,0.0,108.38,14.3,,,100.0,True,,,USD,
CGBD,0001544206,0001544206-26-000033,10-Q,2026-03-31,2026-05-11,Investment | Non-Affiliated Issuer | Equity Investments | Sinch AB (Sweden) | High Tech Industries,Sinch AB (Sweden),Sinch AB (Sweden),Equity,High Tech Industries,,,276000.0,1168000.0,,106000.0,23.63,,,,,False,,,USD,
CGBD,0001544206,0001544206-26-000033,10-Q,2026-03-31,2026-05-11,"Investment | Non-Affiliated Issuer | Equity Investments | Summit K2 Midco, Inc. | Diversified Financial Services","Summit K2 Midco, Inc.","Summit K2 Midco, Inc.",Equity,Diversified Financial Services,,,303000.0,164000.0,,212000.0,184.76,,,,,False,,,USD,
CGBD,0001544206,0001544206-26-000033,10-Q,2026-03-31,2026-05-11,Investment | Non-Affiliated Issuer | Equity Investments | Talon MidCo 1 Limited | Software,Talon MidCo 1 Limited,Talon MidCo 1 Limited,Equity,Software,,,2539000.0,1718000.0,,1154000.0,147.79,,,,,False,,,USD,
CGBD,0001544206,0001544206-26-000033,10-Q,2026-03-31,2026-05-11,Investment | Non-Affiliated Issuer | Equity Investments | Tank Holding Corp. | Capital Equipment,Tank Holding Corp.,Tank Holding Corp.,Equity,Capital Equipment,,,2416000.0,0.0,,850000.0,,,,,,False,,,USD,
CGBD,0001544206,0001544206-26-000033,10-Q,2026-03-31,2026-05-11,"Investment | Non-Affiliated Issuer | Equity Investments | TW LRW Holdings, LLC | Business Services","TW LRW Holdings, LLC","TW LRW Holdings, LLC",Equity,Business Services,,,0.0,0.0,,4000.0,,,,,,False,,,USD,
CGBD,0001544206,0001544206-26-000033,10-Q,2026-03-31,2026-05-11,Investment | Non-Affiliated Issuer | Equity Investments | TW Material Holdings LP | Business Services 1,TW Material Holdings LP,TW Material Holdings LP,Equity,Business Services 1,,,0.0,0.0,,14000.0,,,,,,False,,,USD,
CGBD,0001544206,0001544206-26-000033,10-Q,2026-03-31,2026-05-11,Investment | Non-Affiliated Issuer | Equity Investments | TW Material Holdings LP | Business Services 2,TW Material Holdings LP,TW Material Holdings LP,Equity,Business Services 2,,,0.0,0.0,,3000.0,,,,,,False,,,USD,
CGBD,0001544206,0001544206-26-000033,10-Q,2026-03-31,2026-05-11,Investment | Non-Affiliated Issuer | Equity Investments | TW Material Holdings LP | Business Services 3,TW Material Holdings LP,TW Material Holdings LP,Equity,Business Services 3,,,0.0,0.0,,2000.0,,,,,,False,,,USD,
CGBD,0001544206,0001544206-26-000033,10-Q,2026-03-31,2026-05-11,"Investment | Non-Affiliated Issuer | Equity Investments | U.S. Legal Support Investment Holdings, LLC | Business Services","U.S. Legal Support Investment Holdings, LLC","U.S. Legal Support Investment Holdings, LLC",Equity,Business Services,,,990000.0,642000.0,,640000.0,154.21,,,,,False,,,USD,
CGBD,0001544206,0001544206-26-000033,10-Q,2026-03-31,2026-05-11,"Investment | Non-Affiliated Issuer | Equity Investments | Zenith American Holding, Inc. | Business Services","Zenith American Holding, Inc.","Zenith American Holding, Inc.",Equity,Business Services,,,1767000.0,752000.0,,1564000.0,234.97,,,,,False,,,USD,
CGBD,0001544206,0001544206-26-000033,10-Q,2026-03-31,2026-05-11,"Investment | Affiliated Issuer | First Lien Debt | Align Precision Group, LLC | Aerospace & Defense 1","Align Precision Group, LLC","Align Precision Group, LLC",First Lien,Aerospace & Defense 1,,,20835000.0,20835000.0,20835000.0,,100.0,6.75,10.45,,100.0,True,,,USD,
CGBD,0001544206,0001544206-26-000033,10-Q,2026-03-31,2026-05-11,"Investment | Affiliated Issuer | First Lien Debt | Align Precision Group, LLC | Aerospace & Defense 2","Align Precision Group, LLC","Align Precision Group, LLC",First Lien,Aerospace & Defense 2,,,3828000.0,3760000.0,3828000.0,,101.81,6.75,10.45,,100.0,True,,,USD,
CGBD,0001544206,0001544206-26-000033,10-Q,2026-03-31,2026-05-11,"Investment | Affiliated Issuer | First Lien Debt | SPF Borrower, LLC | Healthcare & Pharmaceuticals 1","SPF Borrower, LLC","SPF Borrower, LLC",First Lien,Healthcare & Pharmaceuticals 1,,,31528000.0,31528000.0,31528000.0,,100.0,4.25,9.95,,2.0,True,,,USD,
CGBD,0001544206,0001544206-26-000033,10-Q,2026-03-31,2026-05-11,"Investment | Affiliated Issuer | First Lien Debt | SPF Borrower, LLC | Healthcare & Pharmaceuticals 2","SPF Borrower, LLC","SPF Borrower, LLC",First Lien,Healthcare & Pharmaceuticals 2,,,15677000.0,15677000.0,15677000.0,,100.0,9.5,13.2,,100.0,True,,,USD,
CGBD,0001544206,0001544206-26-000033,10-Q,2026-03-31,2026-05-11,"Investment | Affiliated Issuer | Equity Investments | Align Precision Group, LLC | Aerospace & Defense","Align Precision Group, LLC","Align Precision Group, LLC",Equity,Aerospace & Defense,,,5386000.0,5875000.0,,10000.0,91.68,,,,,False,,,USD,
CGBD,0001544206,0001544206-26-000033,10-Q,2026-03-31,2026-05-11,Investment | Affiliated Issuer | Equity Investments | SPF HoldCo LLC | Healthcare & Pharmaceuticals,SPF HoldCo LLC,SPF HoldCo LLC,Equity,Healthcare & Pharmaceuticals,,,27840000.0,20828000.0,,15440000.0,133.67,,,,,False,,,USD,
CGBD,0001544206,0001544206-26-000033,10-Q,2026-03-31,2026-05-11,"Investment | Affiliated Issuer | Investment Funds | Structured Credit Partners JV, LLC, Class A | Investment Funds","Structured Credit Partners JV, LLC, Class A","Structured Credit Partners JV, LLC, Class A",Investment Funds,Investment Funds,,,1000.0,1000.0,1000.0,,100.0,,,,,False,,,USD,
CGBD,0001544206,0001544206-26-000033,10-Q,2026-03-31,2026-05-11,"Investment | Affiliated Issuer | Investment Funds | Structured Credit Partners JV, LLC, Class B | Investment Funds","Structured Credit Partners JV, LLC, Class B","Structured Credit Partners JV, LLC, Class B",Investment Funds,Investment Funds,,,19798000.0,19798000.0,19798000.0,,100.0,10.74,10.74,,,False,,,USD,
CGBD,0001544206,0001544206-26-000033,10-Q,2026-03-31,2026-05-11,"Investment | Affiliated Issuer | Investment Funds | Structured Credit Partners JV, LLC, Class C | Investment Funds","Structured Credit Partners JV, LLC, Class C","Structured Credit Partners JV, LLC, Class C",Investment Funds,Investment Funds,,,0.0,0.0,0.0,,,,,,,False,,,USD,
CGBD,0001544206,0001544206-26-000033,10-Q,2026-03-31,2026-05-11,"Investment | Affiliated Issuer | Investment Funds | Middle Market Credit Fund, LLC, Subordinated Loan and Member's Interest | Investment Funds","Middle Market Credit Fund, LLC, Subordinated Loan and Member's Interest","Middle Market Credit Fund, LLC, Subordinated Loan and Member's Interest",Investment Funds,Investment Funds,,,122983000.0,130501000.0,130500000.0,,94.24,15.33,15.33,,,False,,,USD,
CGBD,0001544206,0001544206-26-000033,10-Q,2026-03-31,2026-05-11,"Investment | Affiliated Issuer | Investment Funds | Middle Market Credit Fund, LLC,  Mezzanine Loan | Investment Funds","Middle Market Credit Fund, LLC,  Mezzanine Loan","Middle Market Credit Fund, LLC,  Mezzanine Loan",Investment Funds,Investment Funds,,,0.0,0.0,0.0,,,6.5,10.18,,,False,,,USD,
