bdc,cik,accession,form,period_end,file_date,identifier,entity,company,type,sector,desc,affil,fv,cost,par,shares,mark,spread,rate,base_rate,pik_rate,pik,maturity,acq,ccy,fv_raw,sector_soi,affiliation_soi,investment_type_soi,base_rate_soi,maturity_soi,acq_soi,business_description,rate_floor_soi,footnotes,pct_net_assets_soi,interest_rate_soi,spread_soi,pik_rate_soi,gics_sector,gics_industry_group,type_canonical,common_name,legal_name
PSEC,0001287032,0001287032-26-000164,10-Q,2026-03-31,2026-05-07,"Belnick, LLC (d/b/a The Ubique Group) | Household Durables | First Lien Term Loan",Belnick,Belnick,First Lien,,,,93406000.0,93406000.0,93406000.0,,100.0,8.5,12.5,,,False,,,USD,,Household Durables,Affiliated Controlled,First Lien Term Loan,SOFR,2029-05-14,2022-01-20,,,,3.1,,8.5,,Consumer Discretionary,Consumer Durables & Apparel,First Lien,,Belnick
PSEC,0001287032,0001287032-26-000164,10-Q,2026-03-31,2026-05-07,"Belnick, LLC (d/b/a The Ubique Group) | Household Durables | Class P Units",Belnick,Belnick,Common Equity,,,,10629000.0,3400000.0,,5426.0,312.62,,,,8.5,True,,,USD,,,,,,,,,,,,,,,Consumer Discretionary,Consumer Durables & Apparel,Common Equity,,Belnick
PSEC,0001287032,0001287032-26-000164,10-Q,2026-03-31,2026-05-07,CP Energy Services Inc. | Energy Equipment & Services | First Lien Term Loan,CP Energy Services Inc.,CP Energy Services Inc.,First Lien,,,,94980000.0,103883000.0,103883000.0,,91.43,9.0,12.96,,,False,,,USD,,Energy Equipment & Services,Affiliated Controlled,First Lien Term Loan,SOFR,2027-04-04,2024-12-24,,,,0.3,,9.0,,Energy,Energy,First Lien,,CP Energy Services Inc.
PSEC,0001287032,0001287032-26-000164,10-Q,2026-03-31,2026-05-07,"CP Energy Services Inc. | Energy Equipment & Services | First Lien Term Loan A to Spartan Energy Services, LLC 1",CP Energy Services Inc.,CP Energy Services Inc.,First Lien,,,,39598000.0,45217000.0,45217000.0,,87.57,8.0,,,11.96,True,,,USD,,,,,,,,,,,,,,,Information Technology,Software & Services,First Lien,,CP Energy Services Inc.
PSEC,0001287032,0001287032-26-000164,10-Q,2026-03-31,2026-05-07,"CP Energy Services Inc. | Energy Equipment & Services | First Lien Term Loan A to Spartan Energy Services, LLC 2",CP Energy Services Inc.,CP Energy Services Inc.,First Lien,,,,13410000.0,15312000.0,15312000.0,,87.58,8.0,11.96,,,False,,,USD,,,,,,,,,,,,,,,Information Technology,Software & Services,First Lien,,CP Energy Services Inc.
PSEC,0001287032,0001287032-26-000164,10-Q,2026-03-31,2026-05-07,"CP Energy Services Inc. | Energy Equipment & Services | Series A Preferred Units to Spartan Energy Holdings, Inc.",CP Energy Services Inc.,CP Energy Services Inc.,Preferred Equity,,,,0.0,26193000.0,,10000.0,0.0,,15.0,,,False,,,USD,,,,,,,,,,,,,,,Other,Other,Preferred Equity,,CP Energy Services Inc.
PSEC,0001287032,0001287032-26-000164,10-Q,2026-03-31,2026-05-07,CP Energy Services Inc. | Energy Equipment & Services | Series B Redeemable Preferred Stock,CP Energy Services Inc.,CP Energy Services Inc.,Preferred Equity,,,,0.0,63225000.0,,790.0,0.0,,16.0,,,False,,,USD,,,,,,,,,,,,,,,Other,Other,Preferred Equity,,CP Energy Services Inc.
PSEC,0001287032,0001287032-26-000164,10-Q,2026-03-31,2026-05-07,CP Energy Services Inc. | Energy Equipment & Services | Common Stock,CP Energy Services Inc.,CP Energy Services Inc.,Common Equity,,,,0.0,86240000.0,,102924.0,0.0,,,,,False,,,USD,,,,,,,,,,,,,,,Information Technology,Software & Services,Common Equity,,CP Energy Services Inc.
PSEC,0001287032,0001287032-26-000164,10-Q,2026-03-31,2026-05-07,"Credit Central Loan Company, LLC | Consumer Finance | First Lien Term Loan",Credit Central Loan Company,Credit Central Loan Company,First Lien,,,,79982000.0,92893000.0,92893000.0,,86.1,,5.75,,,False,,,USD,,Consumer Finance,Affiliated Controlled,First Lien Term Loan,,2027-09-15,2012-12-28,,,,2.7,,,,Financials,Diversified Financials,First Lien,,Credit Central Loan Company
PSEC,0001287032,0001287032-26-000164,10-Q,2026-03-31,2026-05-07,"Credit Central Loan Company, LLC | Consumer Finance | Class A Units",Credit Central Loan Company,Credit Central Loan Company,Common Equity,,,,0.0,30851000.0,,31236568.0,0.0,,,,,False,,,USD,,,,,,,,,,,,,,,Financials,Diversified Financials,Common Equity,,Credit Central Loan Company
PSEC,0001287032,0001287032-26-000164,10-Q,2026-03-31,2026-05-07,"Credit Central Loan Company, LLC | Consumer Finance | Net Revenues Interest","Credit Central Loan Company, LLC","Credit Central Loan Company, LLC",,,,,0.0,0.0,,,,,,,,False,,,USD,,,,,,,,,,,,,,,Other,Other,Other,,"Credit Central Loan Company, LLC"
PSEC,0001287032,0001287032-26-000164,10-Q,2026-03-31,2026-05-07,"Echelon Transportation, LLC | Trading Companies & Distributors | Membership Interest",Echelon Transportation,Echelon Transportation,LLC Interest,,,,0.0,0.0,,1.0,,,,,,False,,,USD,,,,,,,,,,,,,,,Other,Other,Common Equity,,Echelon Transportation
PSEC,0001287032,0001287032-26-000164,10-Q,2026-03-31,2026-05-07,"Echelon Transportation, LLC | Trading Companies & Distributors | Preferred Units",Echelon Transportation,Echelon Transportation,Preferred Equity,,,,0.0,0.0,,53076654.0,,,,,12.75,True,,,USD,,,,,,,,,,,,,,,Other,Other,Preferred Equity,,Echelon Transportation
PSEC,0001287032,0001287032-26-000164,10-Q,2026-03-31,2026-05-07,"First Tower Finance Company LLC | Consumer Finance | First Lien Term Loan to First Tower, LLC",First Tower Finance Company LLC,First Tower Finance Company LLC,First Lien,,,,449336000.0,449336000.0,449336000.0,,100.0,,16.0,,5.0,True,,,USD,,Consumer Finance,Affiliated Controlled,"First Lien Term Loan to First Tower, LLC",,2027-12-18,2014-06-24,,,,15.2,,,5.0,Financials,Diversified Financials,First Lien,[Tower Loan],First Tower Finance Company LLC
PSEC,0001287032,0001287032-26-000164,10-Q,2026-03-31,2026-05-07,First Tower Finance Company LLC | Consumer Finance | Class A Units,First Tower Finance Company LLC,First Tower Finance Company LLC,Common Equity,,,,503013000.0,31146000.0,,95709910.0,1615.02,,,,,False,,,USD,,,,,,,,,,,,,,,Financials,Diversified Financials,Common Equity,[Tower Loan],First Tower Finance Company LLC
PSEC,0001287032,0001287032-26-000164,10-Q,2026-03-31,2026-05-07,"Freedom Marine Solutions, LLC | Marine Transport | Membership Interest",Freedom Marine Solutions,Freedom Marine Solutions,LLC Interest,,,,11543000.0,47967000.0,,,24.06,,,,,False,,,USD,,Marine Transport,Affiliated Controlled,Membership Interest ( 100 %),,,2006-11-09,,,,0.4,,,,Industrials,Transportation,Common Equity,,Freedom Marine Solutions
PSEC,0001287032,0001287032-26-000164,10-Q,2026-03-31,2026-05-07,"InterDent, Inc. | Health Care Providers & Services | First Lien Delayed Draw Term Loan B",InterDent,InterDent,First Lien,,,,229084000.0,266534000.0,266534000.0,,85.95,,12.0,,7.0,True,,,USD,,Health Care Providers & Services,Affiliated Controlled,First Lien Delayed Draw Term Loan B,,2027-09-05,2024-09-30,,,,1.0,,,7.0,Health Care,Health Care Equipment & Services,First Lien,,InterDent
PSEC,0001287032,0001287032-26-000164,10-Q,2026-03-31,2026-05-07,"InterDent, Inc. | Health Care Providers & Services | First Lien Term Loan A/B",InterDent,InterDent,First Lien,,,,14249000.0,14249000.0,14249000.0,,100.0,14.65,18.43,,,False,,,USD,,,,,,,,,,,,,,,Health Care,Health Care Equipment & Services,First Lien,,InterDent
PSEC,0001287032,0001287032-26-000164,10-Q,2026-03-31,2026-05-07,"InterDent, Inc. | Health Care Providers & Services | First Lien Term Loan A",InterDent,InterDent,First Lien,,,,95823000.0,95823000.0,95823000.0,,100.0,5.5,,,9.28,True,,,USD,,,,,,,,,,,,,,,Health Care,Health Care Equipment & Services,First Lien,,InterDent
PSEC,0001287032,0001287032-26-000164,10-Q,2026-03-31,2026-05-07,"InterDent, Inc. | Health Care Providers & Services | Common Stock",InterDent,InterDent,Common Equity,,,,0.0,45118000.0,,99900.0,0.0,,,,,False,,,USD,,,,,,,,,,,,,,,Health Care,Health Care Equipment & Services,Common Equity,,InterDent
PSEC,0001287032,0001287032-26-000164,10-Q,2026-03-31,2026-05-07,Kickapoo Ranch Pet Resort | Diversified Consumer Services | First Lien Term Loan,Kickapoo Ranch Pet Resort,Kickapoo Ranch Pet Resort,First Lien,,,,700000.0,700000.0,700000.0,,100.0,7.5,11.2,,,False,,,USD,,Diversified Consumer Services,Affiliated Controlled,First Lien Term Loan,SOFR,2029-01-10,2024-01-11,,,,,,7.5,,Consumer Discretionary,Consumer Services,First Lien,,Kickapoo Ranch Pet Resort
PSEC,0001287032,0001287032-26-000164,10-Q,2026-03-31,2026-05-07,Kickapoo Ranch Pet Resort | Diversified Consumer Services | Membership Interest,Kickapoo Ranch Pet Resort,Kickapoo Ranch Pet Resort,LLC Interest,,,,2970000.0,2378000.0,,,124.89,,,,,False,,,USD,,,,,,,,,,,,,,,Consumer Discretionary,Consumer Services,Common Equity,,Kickapoo Ranch Pet Resort
PSEC,0001287032,0001287032-26-000164,10-Q,2026-03-31,2026-05-07,"MITY, Inc. | Commercial Services & Supplies | First Lien Term Loan A",MITY,MITY,First Lien,,,,57188000.0,57188000.0,57188000.0,,100.0,9.02,12.98,,,False,,,USD,,Commercial Services & Supplies,Affiliated Controlled,First Lien Term Loan A,SOFR,2027-11-30,2013-09-19,,,,1.8,,9.02,,Industrials,Commercial & Professional Services,First Lien,,MITY
PSEC,0001287032,0001287032-26-000164,10-Q,2026-03-31,2026-05-07,"MITY, Inc. | Commercial Services & Supplies | First Lien Term Loan B",MITY,MITY,First Lien,,,,8274000.0,8274000.0,8274000.0,,100.0,7.0,20.96,,10.0,True,,,USD,,,,,,,,,,,,,,,Industrials,Commercial & Professional Services,First Lien,,MITY
PSEC,0001287032,0001287032-26-000164,10-Q,2026-03-31,2026-05-07,"MITY, Inc. | Commercial Services & Supplies | Unsecured Note to Broda Enterprises ULC","MITY, Inc.","MITY, Inc.",,,,,5313000.0,7200000.0,5296000.0,,100.32,,10.0,,,False,,,USD,,,,,,,,,,,,,,,Other,Other,Other,,"MITY, Inc."
PSEC,0001287032,0001287032-26-000164,10-Q,2026-03-31,2026-05-07,"MITY, Inc. | Commercial Services & Supplies | Common Stock",MITY,MITY,Common Equity,,,,13747000.0,27349000.0,,42053.0,50.27,,,,,False,,,USD,,,,,,,,,,,,,,,Industrials,Commercial & Professional Services,Common Equity,,MITY
PSEC,0001287032,0001287032-26-000164,10-Q,2026-03-31,2026-05-07,"MITY, Inc. | Commercial Services & Supplies | Series A Redeemable Preferred Stock",MITY,MITY,Preferred Equity,,,,1845000.0,1424000.0,,1424.0,129.56,,,,8.0,True,,,USD,,,,,,,,,,,,,,,Industrials,Commercial & Professional Services,Preferred Equity,,MITY
PSEC,0001287032,0001287032-26-000164,10-Q,2026-03-31,2026-05-07,National Property REIT Corp. | Residential Real Estate Investment Trusts (REITs) / Consumer Finance / Structured Finance | First Lien Term Loan A,National Property REIT Corp.,National Property REIT Corp.,First Lien,,,,810560000.0,810560000.0,810560000.0,,100.0,0.25,6.0,,2.0,True,,,USD,,Residential Real Estate Investment Trusts (REITs) / Consumer Finance / Structured Finance,Affiliated Controlled,First Lien Term Loan A,SOFR,2027-03-31,2018-12-31,,,,21.5,,0.25,2.0,Financials,Diversified Financials,First Lien,,National Property REIT Corp.
PSEC,0001287032,0001287032-26-000164,10-Q,2026-03-31,2026-05-07,National Property REIT Corp. | Residential Real Estate Investment Trusts (REITs) / Consumer Finance / Structured Finance | First Lien Term Loan E,National Property REIT Corp.,National Property REIT Corp.,First Lien,,,,52652000.0,52652000.0,52652000.0,,100.0,1.5,14.0,,7.0,True,,,USD,,,,,,,,,,,,,,,Financials,Diversified Financials,First Lien,,National Property REIT Corp.
PSEC,0001287032,0001287032-26-000164,10-Q,2026-03-31,2026-05-07,National Property REIT Corp. | Residential Real Estate Investment Trusts (REITs) / Consumer Finance / Structured Finance | Residual Profit Interest,National Property REIT Corp.,National Property REIT Corp.,,,,,20654000.0,0.0,,,,,,,,False,,,USD,,Automobile Components,Unaffiliated,First Lien Term Loan,SOFR,2027-03-30,2021-03-24,,,,0.6,9.54,,,Consumer Discretionary,Automobiles & Components,First Lien,,National Property REIT Corp.
PSEC,0001287032,0001287032-26-000164,10-Q,2026-03-31,2026-05-07,National Property REIT Corp. | Residential Real Estate Investment Trusts (REITs) / Consumer Finance / Structured Finance | Common Stock,National Property REIT Corp.,National Property REIT Corp.,Common Equity,,,,228332000.0,20030000.0,,3374914.0,1139.95,,,,,False,,,USD,,,,,,,,,,,,,,,Financials,Diversified Financials,Common Equity,,National Property REIT Corp.
PSEC,0001287032,0001287032-26-000164,10-Q,2026-03-31,2026-05-07,Nationwide Loan Company LLC | Consumer Finance | First Lien Delayed Draw Term Loan A,Nationwide Loan Company LLC,Nationwide Loan Company LLC,First Lien,,,,10740000.0,10740000.0,10740000.0,,100.0,,10.0,,10.0,True,,,USD,,Consumer Finance,Affiliated Controlled,First Lien Delayed Draw Term Loan A,,2029-05-15,2024-05-15,,,,0.3,,,10.0,Financials,Diversified Financials,First Lien,,Nationwide Loan Company LLC
PSEC,0001287032,0001287032-26-000164,10-Q,2026-03-31,2026-05-07,Nationwide Loan Company LLC | Consumer Finance | Class A Units,Nationwide Loan Company LLC,Nationwide Loan Company LLC,Common Equity,,,,20364000.0,49936000.0,,925796475.0,40.78,,,,,False,,,USD,,Health Care Providers & Services,Unaffiliated,First Lien Term Loan,SOFR,2029-06-14,2024-06-14,,,,0.6,,7.75,,Health Care,Health Care Equipment & Services,Common Equity,,Nationwide Loan Company LLC
PSEC,0001287032,0001287032-26-000164,10-Q,2026-03-31,2026-05-07,"NMMB, Inc. | Media | First Lien Term Loan",NMMB,NMMB,First Lien,,,,29723000.0,29723000.0,29723000.0,,100.0,8.5,12.46,,,False,,,USD,,Media,Affiliated Controlled,First Lien Term Loan,SOFR,2027-03-31,2019-12-30,,,,1.0,,8.5,,Communication Services,Media & Entertainment,First Lien,,NMMB
PSEC,0001287032,0001287032-26-000164,10-Q,2026-03-31,2026-05-07,"NMMB, Inc. | Media | Common Stock",NMMB,NMMB,Common Equity,,,,49761000.0,0.0,,21418.0,,,,,,False,,,USD,,Pharmaceuticals,Unaffiliated,First Lien Term Loan,SOFR,2029-10-04,2024-09-30,,,,1.7,11.8,,,Health Care,"Pharmaceuticals, Biotechnology & Life Sciences",Common Equity,,NMMB
PSEC,0001287032,0001287032-26-000164,10-Q,2026-03-31,2026-05-07,Pacific World Corporation | Personal Care Products | First Lien Term Loan A,Pacific World Corporation,Pacific World Corporation,First Lien,,,,114455000.0,120425000.0,120425000.0,,95.04,4.25,,,7.92,True,,,USD,,Personal Care Products,Affiliated Controlled,First Lien Term Loan A,SOFR,2029-03-26,2014-12-31,,,,3.9,,4.25,7.92,Consumer Staples,Household & Personal Products,First Lien,,Pacific World Corporation
PSEC,0001287032,0001287032-26-000164,10-Q,2026-03-31,2026-05-07,Pacific World Corporation | Personal Care Products | Convertible Preferred Equity,Pacific World Corporation,Pacific World Corporation,Preferred Equity,,,,0.0,235894000.0,,848366.0,0.0,,,,12.0,True,,,USD,,,,,,,,,,,,,,,Other,Other,Preferred Equity,,Pacific World Corporation
PSEC,0001287032,0001287032-26-000164,10-Q,2026-03-31,2026-05-07,"Pacific World Corporation | Personal Care Products | Common Units of PWC Investment Group, LLC",Pacific World Corporation,Pacific World Corporation,Common Equity,,,,0.0,0.0,,6778414.0,,,,,,False,,,USD,,,,,,,,,,,,,,,Consumer Staples,Household & Personal Products,Common Equity,,Pacific World Corporation
PSEC,0001287032,0001287032-26-000164,10-Q,2026-03-31,2026-05-07,"QC Holdings TopCo, LLC | Consumer Finance | Second Lien Term Loan",QC Holdings TopCo,QC Holdings TopCo,Second Lien,,,,58372000.0,58372000.0,58372000.0,,100.0,18.5,23.5,,,False,,,USD,,Consumer Finance,Affiliated Controlled,Second Lien Term Loan,SOFR,2030-07-01,2025-06-30,,,,1.8,,18.5,,Financials,Diversified Financials,Second Lien,,QC Holdings TopCo
PSEC,0001287032,0001287032-26-000164,10-Q,2026-03-31,2026-05-07,"QC Holdings TopCo, LLC | Consumer Finance | Class A Units",QC Holdings TopCo,QC Holdings TopCo,Common Equity,,,,36959000.0,22289000.0,,222886.0,165.82,,,,,False,,,USD,,Health Care Providers & Services,Unaffiliated,First Lien Term Loan,SOFR,2030-05-15,2025-05-15,,,,1.3,14.58,,,Health Care,Health Care Equipment & Services,Common Equity,,QC Holdings TopCo
PSEC,0001287032,0001287032-26-000164,10-Q,2026-03-31,2026-05-07,"R-V Industries, Inc. | Machinery | First Lien Term Loan",R-V Industries,R-V Industries,First Lien,,,,46322000.0,46322000.0,46322000.0,,100.0,9.0,12.96,,,False,,,USD,,Machinery,Affiliated Controlled,First Lien Term Loan,SOFR,2028-12-15,2020-12-15,,,,1.6,,9.0,,Industrials,Capital Goods,First Lien,,R-V Industries
PSEC,0001287032,0001287032-26-000164,10-Q,2026-03-31,2026-05-07,"R-V Industries, Inc. | Machinery | First Lien Term Loan1",R-V Industries,R-V Industries,First Lien,,,,10000000.0,10000000.0,10000000.0,,100.0,3.5,7.5,,,False,,,USD,,,,,,,,,,,,,,,Industrials,Capital Goods,First Lien,,R-V Industries
PSEC,0001287032,0001287032-26-000164,10-Q,2026-03-31,2026-05-07,"R-V Industries, Inc. | Machinery | Common Stock",R-V Industries,R-V Industries,Common Equity,,,,35387000.0,6866000.0,,745107.0,515.39,,,,,False,,,USD,,,,,,,,,,,,,,,Industrials,Capital Goods,Common Equity,,R-V Industries
PSEC,0001287032,0001287032-26-000164,10-Q,2026-03-31,2026-05-07,Strategic Chemical Solutions Corp. (f/k/a USES Corp.) | Commercial Services & Supplies | First Lien Term Loan,Strategic Chemical Solutions Corp.,Strategic Chemical Solutions Corp.,First Lien,,,,9982000.0,21494000.0,21494000.0,,46.44,9.0,12.93,,,False,,,USD,,Commercial Services & Supplies,Affiliated Controlled,First Lien Term Loan,SOFR,2026-08-15,2020-12-30,,,,,,9.0,,Industrials,Commercial & Professional Services,First Lien,,Strategic Chemical Solutions Corp.
PSEC,0001287032,0001287032-26-000164,10-Q,2026-03-31,2026-05-07,Strategic Chemical Solutions Corp. (f/k/a USES Corp.) | Commercial Services & Supplies | First Lien Term Loan A,Strategic Chemical Solutions Corp.,Strategic Chemical Solutions Corp.,First Lien,,,,0.0,0.0,83024000.0,,,,9.0,,9.0,True,,,USD,,,,,,,,,,,,,,,Industrials,Commercial & Professional Services,First Lien,,Strategic Chemical Solutions Corp.
PSEC,0001287032,0001287032-26-000164,10-Q,2026-03-31,2026-05-07,Strategic Chemical Solutions Corp. (f/k/a USES Corp.) | Commercial Services & Supplies | First Lien Term Loan B,Strategic Chemical Solutions Corp.,Strategic Chemical Solutions Corp.,First Lien,,,,0.0,0.0,156602000.0,,,,15.5,,15.5,True,,,USD,,,,,,,,,,,,,,,Industrials,Commercial & Professional Services,First Lien,,Strategic Chemical Solutions Corp.
PSEC,0001287032,0001287032-26-000164,10-Q,2026-03-31,2026-05-07,Strategic Chemical Solutions Corp. (f/k/a USES Corp.) | Commercial Services & Supplies | Common Stock,Strategic Chemical Solutions Corp.,Strategic Chemical Solutions Corp.,Common Equity,,,,0.0,0.0,,268962.0,,,,,,False,,,USD,,,,,,,,,,,,,,,Industrials,Commercial & Professional Services,Common Equity,,Strategic Chemical Solutions Corp.
PSEC,0001287032,0001287032-26-000164,10-Q,2026-03-31,2026-05-07,"Universal Turbine Parts, LLC | Aerospace & Defense | First Lien Delayed Draw Term Loan",Universal Turbine Parts,Universal Turbine Parts,First Lien,,,,25270000.0,25270000.0,25270000.0,,100.0,7.75,11.71,,,False,,,USD,,Aerospace & Defense,Affiliated Controlled,First Lien Delayed Draw Term Loan,SOFR,2028-02-29,2019-02-28,,,,0.3,,7.75,,Industrials,Capital Goods,First Lien,,Universal Turbine Parts
PSEC,0001287032,0001287032-26-000164,10-Q,2026-03-31,2026-05-07,"Universal Turbine Parts, LLC | Aerospace & Defense | First Lien Term Loan A 1",Universal Turbine Parts,Universal Turbine Parts,First Lien,,,,29575000.0,29575000.0,29575000.0,,100.0,5.75,9.71,,,False,,,USD,,Distributors,Unaffiliated,First Lien Term Loan,,2028-08-29,2022-11-17,,,,1.0,,,,Consumer Discretionary,Retailing,First Lien,,Universal Turbine Parts
PSEC,0001287032,0001287032-26-000164,10-Q,2026-03-31,2026-05-07,"Universal Turbine Parts, LLC | Aerospace & Defense | Preferred A Units",Universal Turbine Parts,Universal Turbine Parts,Equity,,,,39127000.0,36575000.0,,89621935.0,106.98,,,,12.75,True,,,USD,,,,,,,,,,,,,,,Industrials,Capital Goods,Common Equity,,Universal Turbine Parts
PSEC,0001287032,0001287032-26-000164,10-Q,2026-03-31,2026-05-07,"Universal Turbine Parts, LLC | Aerospace & Defense | Common Stock",Universal Turbine Parts,Universal Turbine Parts,Common Equity,,,,0.0,0.0,,10000.0,,,,,,False,,,USD,,,,,,,,,,,,,,,Industrials,Capital Goods,Common Equity,,Universal Turbine Parts
PSEC,0001287032,0001287032-26-000164,10-Q,2026-03-31,2026-05-07,"Valley Electric Company, Inc. | Construction & Engineering | First Lien Term Loan to Valley Electric Co. of Mt. Vernon, Inc.",Valley Electric Company,Valley Electric Company,First Lien,,,,10452000.0,10452000.0,10452000.0,,100.0,5.0,11.46,,2.5,True,,,USD,,Construction & Engineering,Affiliated Controlled,"First Lien Term Loan to Valley Electric Co. of Mt. Vernon, Inc.",SOFR,2026-06-30,2012-12-31,,,,0.4,,5.0,2.5,Industrials,Capital Goods,First Lien,,Valley Electric Company
PSEC,0001287032,0001287032-26-000164,10-Q,2026-03-31,2026-05-07,"Valley Electric Company, Inc. | Construction & Engineering | First Lien Term Loan",Valley Electric Company,Valley Electric Company,First Lien,,,,38630000.0,38630000.0,38630000.0,,100.0,,18.0,,10.0,True,,,USD,,"Textiles, Apparel & Luxury Goods",Unaffiliated,First Lien Term Loan A,SOFR,2030-01-23,2025-01-23,,,,1.3,11.56,,,Consumer Discretionary,Consumer Durables & Apparel,First Lien,,Valley Electric Company
PSEC,0001287032,0001287032-26-000164,10-Q,2026-03-31,2026-05-07,"Valley Electric Company, Inc. | Construction & Engineering | First Lien Term Loan B",Valley Electric Company,Valley Electric Company,First Lien,,,,34777000.0,34777000.0,34777000.0,,100.0,,12.5,,5.5,True,,,USD,,,,,,,,,,,,,,,Industrials,Capital Goods,First Lien,,Valley Electric Company
PSEC,0001287032,0001287032-26-000164,10-Q,2026-03-31,2026-05-07,"Valley Electric Company, Inc. | Construction & Engineering | Consolidated Revenue Interest","Valley Electric Company, Inc.","Valley Electric Company, Inc.",,,,,1085000.0,0.0,,,,,,,,False,,,USD,,,,,,,,,,,,,,,Other,Other,Other,,"Valley Electric Company, Inc."
PSEC,0001287032,0001287032-26-000164,10-Q,2026-03-31,2026-05-07,"Valley Electric Company, Inc. | Construction & Engineering | Common Stock",Valley Electric Company,Valley Electric Company,Common Equity,,,,234870000.0,12053000.0,,50000.0,1948.64,,,,,False,,,USD,,,,,,,,,,,,,,,Industrials,Capital Goods,Common Equity,,Valley Electric Company
PSEC,0001287032,0001287032-26-000164,10-Q,2026-03-31,2026-05-07,"Victor Technology, LLC | Distributors | First Lien Term Loan",Victor Technology,Victor Technology,First Lien,,,,6006000.0,10725000.0,,10725000.0,56.0,7.5,11.46,,,False,,,USD,,Distributors,Affiliated Controlled,First Lien Term Loan,SOFR,2028-12-03,2021-12-03,,,,0.2,,7.5,,Consumer Discretionary,Retailing,First Lien,,Victor Technology
PSEC,0001287032,0001287032-26-000164,10-Q,2026-03-31,2026-05-07,"Victor Technology, LLC | Distributors | Class P Units",Victor Technology,Victor Technology,Common Equity,,,,0.0,2000000.0,,1000.0,0.0,,12.0,,12.0,True,,,USD,,,,,,,,,,,,,,,Consumer Discretionary,Retailing,Common Equity,,Victor Technology
PSEC,0001287032,0001287032-26-000164,10-Q,2026-03-31,2026-05-07,"Nixon, Inc. | Textiles, Apparel & Luxury Goods | Common Stock","Nixon, Inc.","Nixon, Inc.",Common Equity,,,,0.0,0.0,,857.0,,,,,,False,,,USD,,,,,,,,,,,,,,,Other,Other,Common Equity,,"Nixon, Inc."
PSEC,0001287032,0001287032-26-000164,10-Q,2026-03-31,2026-05-07,"RGIS Services, LLC | Commercial Services & Supplies | Membership Interest",RGIS Services,RGIS Services,LLC Interest,,,,36438000.0,12835000.0,,505308.0,283.9,,,,,False,,,USD,,Commercial Services & Supplies,Affiliated,Membership Interest,,,2020-06-25,,,,1.2,,,,Industrials,Commercial & Professional Services,Common Equity,,RGIS Services
PSEC,0001287032,0001287032-26-000164,10-Q,2026-03-31,2026-05-07,Apidos CLO XV | Structured Finance | Subordinated Structured Note,Apidos CLO XV,Apidos CLO XV,Subordinated,,,,799000.0,0.0,48515000.0,,1.65,,0.0,,,False,,,USD,,Structured Finance,Unaffiliated,Subordinated Structured Note,,2031-04-21,2013-09-13,,,,,,,,Black Box,CLO / Structured Credit,Subordinated,,Apidos CLO XV
PSEC,0001287032,0001287032-26-000164,10-Q,2026-03-31,2026-05-07,Apidos CLO XXII | Structured Finance | Subordinated Structured Note,Apidos CLO XXII,Apidos CLO XXII,Subordinated,,,,2182000.0,2197000.0,35855000.0,,6.09,,0.0,,,False,,,USD,,Structured Finance,Unaffiliated,Subordinated Structured Note,,2031-04-21,2015-09-16,,,,0.1,,,,Black Box,CLO / Structured Credit,Subordinated,,Apidos CLO XXII
PSEC,0001287032,0001287032-26-000164,10-Q,2026-03-31,2026-05-07,"Atlantis Health Care Group (Puerto Rico), Inc. | Health Care Providers & Services | First Lien Term Loan",Atlantis Health Care Group (Puerto Rico),Atlantis Health Care Group (Puerto Rico),First Lien,,,,55962000.0,55963000.0,55963000.0,,100.0,8.75,12.7,,,False,,,USD,,Health Care Providers & Services,Unaffiliated,First Lien Term Loan,SOFR,2026-05-15,2013-02-21,,,,1.9,,8.75,,Health Care,Health Care Equipment & Services,First Lien,,Atlantis Health Care Group (Puerto Rico)
PSEC,0001287032,0001287032-26-000164,10-Q,2026-03-31,2026-05-07,"Aventiv Technologies, LLC | Diversified Telecommunication Services | Second Out Super Priority First Lien Term Loan",Aventiv Technologies,Aventiv Technologies,First Lien,,,,43663000.0,42915000.0,43663000.0,,100.0,10.0,13.93,,,False,,,USD,,Diversified Telecommunication Services,Unaffiliated,Second Out Super Priority First Lien Term Loan,SOFR,2026-09-30,2025-04-24,,,,1.5,,10.0,,Communication Services,Telecommunication Services,First Lien,,Aventiv Technologies
PSEC,0001287032,0001287032-26-000164,10-Q,2026-03-31,2026-05-07,"Aventiv Technologies, LLC | Diversified Telecommunication Services | Second Out Super Priority First Lien Term Loan 1",Aventiv Technologies,Aventiv Technologies,First Lien,,,,3053000.0,3009000.0,3053000.0,,100.0,10.0,13.95,,,False,,,USD,,Structured Finance,Unaffiliated,Subordinated Structured Note,,2029-07-20,2014-10-09,,,,0.1,,,,Black Box,CLO / Structured Credit,First Lien,,Aventiv Technologies
PSEC,0001287032,0001287032-26-000164,10-Q,2026-03-31,2026-05-07,"Aventiv Technologies, LLC | Diversified Telecommunication Services | Second Out Super Priority First Lien Term Loan 2",Aventiv Technologies,Aventiv Technologies,First Lien,,,,783000.0,783000.0,783000.0,,100.0,7.5,11.46,,,False,,,USD,,,,,,,,,,,,,,,Communication Services,Telecommunication Services,First Lien,,Aventiv Technologies
PSEC,0001287032,0001287032-26-000164,10-Q,2026-03-31,2026-05-07,"Aventiv Technologies, LLC | Diversified Telecommunication Services | Third Out Super Priority First Lien Term Loan",Aventiv Technologies,Aventiv Technologies,First Lien,,,,22658000.0,29577000.0,29174000.0,,77.67,5.09,9.05,,,False,,,USD,,Commercial Services & Supplies,Unaffiliated,First Lien Term Loan,SOFR,2026-06-30,2021-02-19,,,,0.8,,8.0,,Industrials,Commercial & Professional Services,First Lien,,Aventiv Technologies
PSEC,0001287032,0001287032-26-000164,10-Q,2026-03-31,2026-05-07,"Aventiv Technologies, LLC | Diversified Telecommunication Services | Super Priority Second Lien Term Loan",Aventiv Technologies,Aventiv Technologies,Second Lien,,,,8161000.0,59071000.0,163211000.0,,5.0,9.05,13.01,,,False,,,USD,,,,,,,,,,,,,,,Communication Services,Telecommunication Services,Second Lien,,Aventiv Technologies
PSEC,0001287032,0001287032-26-000164,10-Q,2026-03-31,2026-05-07,Barings CLO 2018-III | Structured Finance | Subordinated Structured Note,Barings CLO 2018-III,Barings CLO 2018-III,Subordinated,,,,909000.0,0.0,82809000.0,,1.1,,0.0,,,False,,,USD,,Structured Finance,Unaffiliated,Subordinated Structured Note,,2029-07-20,2014-10-09,,,,,,,,Black Box,CLO / Structured Credit,Subordinated,,Barings CLO 2018-III
PSEC,0001287032,0001287032-26-000164,10-Q,2026-03-31,2026-05-07,"Barracuda Parent, LLC | IT Services | Second Lien Term Loan",Barracuda Parent,Barracuda Parent,Second Lien,,,,7300000.0,19675000.0,20000000.0,,36.5,7.0,10.67,,,False,,,USD,,IT Services,Unaffiliated,Second Lien Term Loan,SOFR,2030-08-15,2022-08-15,,,,0.2,,7.0,,Information Technology,Software & Services,Second Lien,,Barracuda Parent
PSEC,0001287032,0001287032-26-000164,10-Q,2026-03-31,2026-05-07,"BCPE North Star US Holdco 2, Inc. | Food Products | Second Lien Term Loan",BCPE North Star US Holdco 2,BCPE North Star US Holdco 2,Second Lien,,,,69091000.0,69040000.0,69388000.0,,99.57,7.25,11.03,,,False,,,USD,,Food Products,Unaffiliated,Second Lien Term Loan,SOFR,2029-06-08,2021-06-07,,,,2.3,,7.25,,Consumer Staples,"Food, Beverage & Tobacco",Second Lien,,BCPE North Star US Holdco 2
PSEC,0001287032,0001287032-26-000164,10-Q,2026-03-31,2026-05-07,"BCPE Osprey Buyer, Inc. | Health Care Technology | First Lien Term Loan 1",BCPE Osprey Buyer,BCPE Osprey Buyer,First Lien,,,,4586000.0,4560000.0,4586000.0,,100.0,5.75,9.53,,,False,,,USD,,Health Care Technology,Unaffiliated,First Lien Term Loan,SOFR,2028-08-23,2021-10-18,,,,0.2,,5.75,,Health Care,Health Care Equipment & Services,First Lien,,BCPE Osprey Buyer
PSEC,0001287032,0001287032-26-000164,10-Q,2026-03-31,2026-05-07,"BCPE Osprey Buyer, Inc. | Health Care Technology | First Lien Term Loan 2",BCPE Osprey Buyer,BCPE Osprey Buyer,First Lien,,,,62237000.0,62237000.0,62237000.0,,100.0,5.75,9.68,,,False,,,USD,,,,,,,,,,,,,,,Health Care,Health Care Equipment & Services,First Lien,,BCPE Osprey Buyer
PSEC,0001287032,0001287032-26-000164,10-Q,2026-03-31,2026-05-07,Burgess Point Purchaser Corporation | Automobile Components | Second Lien Term Loan,Burgess Point Purchaser Corporation,Burgess Point Purchaser Corporation,Second Lien,,,,26917000.0,30000000.0,30000000.0,,89.72,9.0,12.77,,,False,,,USD,,Automobile Components,Unaffiliated,Second Lien Term Loan,SOFR,2030-07-25,2022-07-25,,,,0.9,,9.0,,Consumer Discretionary,Automobiles & Components,Second Lien,,Burgess Point Purchaser Corporation
PSEC,0001287032,0001287032-26-000164,10-Q,2026-03-31,2026-05-07,"Capstone Logistics Acquisition, Inc. | Commercial Services & Supplies | Second Lien Term Loan",Capstone Logistics Acquisition,Capstone Logistics Acquisition,Second Lien,,,,8500000.0,8396000.0,8500000.0,,100.0,8.5,12.27,,,False,,,USD,,Commercial Services & Supplies,Unaffiliated,Second Lien Term Loan,SOFR,2030-11-12,2020-11-12,,,,0.3,,8.5,,Industrials,Commercial & Professional Services,Second Lien,,Capstone Logistics Acquisition
PSEC,0001287032,0001287032-26-000164,10-Q,2026-03-31,2026-05-07,Cent CLO 21 Limited | Structured Finance | Subordinated Structured Note,Cent CLO 21 Limited,Cent CLO 21 Limited,Subordinated,,,,0.0,0.0,49552000.0,,,,0.0,,,False,,,USD,,,,,,,,,,,,,,,Black Box,CLO / Structured Credit,Subordinated,,Cent CLO 21 Limited
PSEC,0001287032,0001287032-26-000164,10-Q,2026-03-31,2026-05-07,"Collections Acquisition Company, Inc. | Financial Services | First Lien Term Loan",Collections Acquisition Company,Collections Acquisition Company,First Lien,,,,54190000.0,54190000.0,54190000.0,,100.0,6.5,10.2,,,False,,,USD,,Financial Services,Unaffiliated,First Lien Term Loan,SOFR,2028-06-03,2019-12-03,,,,1.8,,6.5,,Financials,Diversified Financials,First Lien,,Collections Acquisition Company
PSEC,0001287032,0001287032-26-000164,10-Q,2026-03-31,2026-05-07,"Credit.com Holdings, LLC | Diversified Consumer Services | First Lien Term Loan A",Credit.com Holdings,Credit.com Holdings,First Lien,,,,11326000.0,40513000.0,43665000.0,,25.94,11.0,14.96,,,False,,,USD,,Diversified Consumer Services,Unaffiliated,First Lien Term Loan A,SOFR,2028-09-28,2023-09-28,,,,0.4,,11.0,,Consumer Discretionary,Consumer Services,First Lien,,Credit.com Holdings
PSEC,0001287032,0001287032-26-000164,10-Q,2026-03-31,2026-05-07,"Credit.com Holdings, LLC | Diversified Consumer Services  | First Lien Term Loan B",Credit.com Holdings,Credit.com Holdings,First Lien,,,,0.0,62114000.0,76084000.0,,0.0,12.0,15.96,,,False,,,USD,,,,,,,,,,,,,,,Consumer Discretionary,Consumer Services,First Lien,,Credit.com Holdings
PSEC,0001287032,0001287032-26-000164,10-Q,2026-03-31,2026-05-07,"Credit.com Holdings, LLC | Diversified Consumer Services  | Class B of PGX TopCo II LLC","Credit.com Holdings, LLC","Credit.com Holdings, LLC",,,,,0.0,0.0,,999.0,,,,,,False,,,USD,,,,,,,,,,,,,,,Other,Other,Other,,"Credit.com Holdings, LLC"
PSEC,0001287032,0001287032-26-000164,10-Q,2026-03-31,2026-05-07,"Discovery Point Retreat, LLC | Health Care Providers & Services | First Lien Term Loan",Discovery Point Retreat,Discovery Point Retreat,First Lien,,,,20212000.0,20212000.0,20212000.0,,100.0,7.75,11.71,,,False,,,USD,,Health Care Providers & Services,Unaffiliated,First Lien Term Loan,SOFR,2029-06-14,2024-06-14,,,,0.6,,7.75,,Health Care,Health Care Equipment & Services,First Lien,,Discovery Point Retreat
PSEC,0001287032,0001287032-26-000164,10-Q,2026-03-31,2026-05-07,"Discovery Point Retreat, LLC | Health Care Providers & Services | Series A Preferred Stock of Discovery MSO HoldCo LLC",Discovery Point Retreat,Discovery Point Retreat,Preferred Equity,,,,13558000.0,8700000.0,,9573.0,155.84,,,,12.0,True,,,USD,,,,,,,,,,,,,,,Health Care,Health Care Equipment & Services,Preferred Equity,,Discovery Point Retreat
PSEC,0001287032,0001287032-26-000164,10-Q,2026-03-31,2026-05-07,DRI Holding Inc. | Commercial Services & Supplies | First Lien Term Loan,DRI Holding Inc.,DRI Holding Inc.,First Lien,,,,32945000.0,32403000.0,32960000.0,,99.95,5.25,9.02,,,False,,,USD,,Commercial Services & Supplies,Unaffiliated,First Lien Term Loan,SOFR,2028-12-21,2021-12-21,,,,1.1,,5.25,,Industrials,Commercial & Professional Services,First Lien,,DRI Holding Inc.
PSEC,0001287032,0001287032-26-000164,10-Q,2026-03-31,2026-05-07,DRI Holding Inc. | Commercial Services & Supplies | Second Lien Term Loan,DRI Holding Inc.,DRI Holding Inc.,Second Lien,,,,144333000.0,145000000.0,145000000.0,,99.54,8.0,11.77,,,False,,,USD,,,,,,,,,,,,,,,Industrials,Commercial & Professional Services,Second Lien,,DRI Holding Inc.
PSEC,0001287032,0001287032-26-000164,10-Q,2026-03-31,2026-05-07,"Druid City Infusion, LLC | Pharmaceuticals | First Lien Term Loan",Druid City Infusion,Druid City Infusion,First Lien,,,,45662000.0,45662000.0,45662000.0,,100.0,7.5,11.2,,,False,,,USD,,Pharmaceuticals,Unaffiliated,First Lien Term Loan,SOFR,2029-10-04,2024-09-30,,,,1.5,,7.5,,Health Care,"Pharmaceuticals, Biotechnology & Life Sciences",First Lien,,Druid City Infusion
PSEC,0001287032,0001287032-26-000164,10-Q,2026-03-31,2026-05-07,"Druid City Infusion, LLC | Pharmaceuticals | First Lien Convertible Note to Druid City Intermediate, Inc.",Druid City Infusion,Druid City Infusion,First Lien,,,,37618000.0,19530000.0,19530000.0,,192.62,2.0,8.0,,,False,,,USD,,Machinery,Affiliated Controlled,First Lien Term Loan,SOFR,2028-12-15,2020-12-15,,,,1.3,13.56,,,Industrials,Capital Goods,First Lien,,Druid City Infusion
PSEC,0001287032,0001287032-26-000164,10-Q,2026-03-31,2026-05-07,"Emerge Intermediate, Inc. | Pharmaceuticals | First Lien Term Loan",Emerge Intermediate,Emerge Intermediate,First Lien,,,,55742000.0,57764000.0,57764000.0,,96.5,6.25,9.92,,,False,,,USD,,Pharmaceuticals,Unaffiliated,First Lien Term Loan,SOFR,2027-08-31,2024-02-26,,,,1.9,,6.25,,Health Care,"Pharmaceuticals, Biotechnology & Life Sciences",First Lien,,Emerge Intermediate
PSEC,0001287032,0001287032-26-000164,10-Q,2026-03-31,2026-05-07,"Enseo Acquisition, Inc. | Media | First Lien Term Loan",Enseo Acquisition,Enseo Acquisition,First Lien,,,,49229000.0,49229000.0,49229000.0,,100.0,8.5,12.46,,,False,,,USD,,Media,Unaffiliated,First Lien Term Loan,SOFR,2027-12-31,2021-06-02,,,,1.7,,8.5,,Communication Services,Media & Entertainment,First Lien,,Enseo Acquisition
PSEC,0001287032,0001287032-26-000164,10-Q,2026-03-31,2026-05-07,"Eze Castle Integration, Inc. | Software | First Lien Delayed Draw Term Loan",Eze Castle Integration,Eze Castle Integration,First Lien,,,,2546000.0,2539000.0,2546000.0,,100.0,6.75,10.56,,,False,,,USD,,Software,Unaffiliated,First Lien Delayed Draw Term Loan,SOFR,2027-01-15,2020-07-15,,,,0.1,,6.75,,Information Technology,Software & Services,First Lien,,Eze Castle Integration
PSEC,0001287032,0001287032-26-000164,10-Q,2026-03-31,2026-05-07,"Eze Castle Integration, Inc. | Software | First Lien Term Loan",Eze Castle Integration,Eze Castle Integration,First Lien,,,,45563000.0,45563000.0,45563000.0,,100.0,6.75,10.57,,,False,,,USD,,Pharmaceuticals,Unaffiliated,First Lien Term Loan,SOFR,2029-10-04,2024-09-30,,,,1.5,,7.5,,Health Care,"Pharmaceuticals, Biotechnology & Life Sciences",First Lien,,Eze Castle Integration
PSEC,0001287032,0001287032-26-000164,10-Q,2026-03-31,2026-05-07,First Brands Group | Automobile Components | First Lien DIP Term Loan A,First Brands Group,First Brands Group,First Lien,,,,1545000.0,5916000.0,6339000.0,,24.37,10.0,22.12,,8.45,True,,,USD,,Automobile Components,Unaffiliated,First Lien DIP Term Loan A,SOFR,2026-06-29,2025-10-02,,,,0.1,,10.0,8.45,Consumer Discretionary,Automobiles & Components,First Lien,,First Brands Group
PSEC,0001287032,0001287032-26-000164,10-Q,2026-03-31,2026-05-07,First Brands Group | Automobile Components | First Lien DIP Term Loan B,First Brands Group,First Brands Group,First Lien,,,,28000.0,20408000.0,23438000.0,,0.12,7.0,,,10.67,True,,,USD,,Structured Finance,Unaffiliated,Subordinated Structured Note,,2027-10-18,2015-07-23,,,,,,,,Black Box,CLO / Structured Credit,First Lien,,First Brands Group
PSEC,0001287032,0001287032-26-000164,10-Q,2026-03-31,2026-05-07,First Brands Group | Automobile Components | First Lien Term Loan 2,First Brands Group,First Brands Group,First Lien,,,,30000.0,7296000.0,10149000.0,,0.3,7.0,10.78,,10.78,True,,,USD,,$ —,Unaffiliated,"$ 76,346",,,,,,,,,,,Black Box,CLO / Structured Credit,First Lien,,First Brands Group
PSEC,0001287032,0001287032-26-000164,10-Q,2026-03-31,2026-05-07,First Brands Group | Automobile Components | Second Lien Term Loan,First Brands Group,First Brands Group,Second Lien,,,,45000.0,37000000.0,40212000.0,,0.11,10.5,14.28,,14.28,True,,,USD,,,,,,,,,,,,,,,Black Box,CLO / Structured Credit,Second Lien,,First Brands Group
PSEC,0001287032,0001287032-26-000164,10-Q,2026-03-31,2026-05-07,"Galaxy XV CLO, Ltd. | Structured Finance | Subordinated Structured Note",Galaxy XV CLO,Galaxy XV CLO,Subordinated,,,,0.0,0.0,50525000.0,,,,0.0,,,False,,,USD,,,,,,,,,,,,,,,Black Box,CLO / Structured Credit,Subordinated,,Galaxy XV CLO
PSEC,0001287032,0001287032-26-000164,10-Q,2026-03-31,2026-05-07,"Galaxy XXVII CLO, Ltd. | Structured Finance | Subordinated Structured Note",Galaxy XXVII CLO,Galaxy XXVII CLO,Subordinated,,,,0.0,0.0,24575000.0,,,,0.0,,,False,,,USD,,,,,,,,,,,,,,,Black Box,CLO / Structured Credit,Subordinated,,Galaxy XXVII CLO
PSEC,0001287032,0001287032-26-000164,10-Q,2026-03-31,2026-05-07,"Galaxy XXVIII CLO, Ltd. | Structured Finance | Subordinated Structured Note",Galaxy XXVIII CLO,Galaxy XXVIII CLO,Subordinated,,,,0.0,0.0,39905000.0,,,,0.0,,,False,,,USD,,,,,,,,,,,,,,,Black Box,CLO / Structured Credit,Subordinated,,Galaxy XXVIII CLO
PSEC,0001287032,0001287032-26-000164,10-Q,2026-03-31,2026-05-07,Global Tel*Link Corporation (d./b/a ViaPath Technologies) | Diversified Telecommunication Services | First Lien Term Loan,Global Tel*Link Corporation (d./b/a ViaPath Technologies),Global Tel*Link Corporation (d./b/a ViaPath Technologies),First Lien,,,,108951000.0,106585000.0,109536000.0,,99.47,7.5,11.17,,,False,,,USD,,Diversified Telecommunication Services,Unaffiliated,First Lien Term Loan,SOFR,2029-08-06,2024-08-06,,,,3.7,,7.5,,Communication Services,Telecommunication Services,First Lien,,Global Tel*Link Corporation (d./b/a ViaPath Technologies)
PSEC,0001287032,0001287032-26-000164,10-Q,2026-03-31,2026-05-07,Halcyon Loan Advisors Funding 2014-2 Ltd. | Structured Finance | Subordinated Structured Note,Halcyon Loan Advisors Funding 2014-2 Ltd.,Halcyon Loan Advisors Funding 2014-2 Ltd.,Subordinated,,,,0.0,0.0,41164000.0,,,,0.0,,,False,,,USD,,,,,,,,,,,,,,,Other,Other,Subordinated,,Halcyon Loan Advisors Funding 2014-2 Ltd.
PSEC,0001287032,0001287032-26-000164,10-Q,2026-03-31,2026-05-07,Halcyon Loan Advisors Funding 2015-3 Ltd. | Structured Finance | Subordinated Structured Note,Halcyon Loan Advisors Funding 2015-3 Ltd.,Halcyon Loan Advisors Funding 2015-3 Ltd.,Subordinated,,,,7000.0,0.0,39598000.0,,0.02,,0.0,,,False,,,USD,,Structured Finance,Unaffiliated,Subordinated Structured Note,,2027-10-18,2015-07-23,,,,,,,,Black Box,CLO / Structured Credit,Subordinated,,Halcyon Loan Advisors Funding 2015-3 Ltd.
PSEC,0001287032,0001287032-26-000164,10-Q,2026-03-31,2026-05-07,"HarbourView CLO VII-R, Ltd. | Structured Finance | Subordinated Structured Note",HarbourView CLO VII-R,HarbourView CLO VII-R,Subordinated,,,,0.0,0.0,19025000.0,,,,0.0,,,False,,,USD,,,,,,,,,,,,,,,Black Box,CLO / Structured Credit,Subordinated,,HarbourView CLO VII-R
PSEC,0001287032,0001287032-26-000164,10-Q,2026-03-31,2026-05-07,"Healthcare Venture Partners, LLC | Health Care Providers & Services | First Lien Term Loan",Healthcare Venture Partners,Healthcare Venture Partners,First Lien,,,,11910000.0,11910000.0,11910000.0,,100.0,8.0,11.7,,,False,,,USD,,Health Care Providers & Services,Unaffiliated,First Lien Term Loan,SOFR,2030-08-29,2025-08-29,,,,0.4,,8.0,,Health Care,Health Care Equipment & Services,First Lien,,Healthcare Venture Partners
PSEC,0001287032,0001287032-26-000164,10-Q,2026-03-31,2026-05-07,"Healthcare Venture Partners, LLC | Health Care Providers & Services | Series A Preferred Units of TCSPV Holdings IV, LLC",Healthcare Venture Partners,Healthcare Venture Partners,Preferred Equity,,,,3600000.0,2150000.0,,2150000.0,167.44,,,,,False,,,USD,,,,,,,,,,,,,,,Health Care,Health Care Equipment & Services,Preferred Equity,,Healthcare Venture Partners
PSEC,0001287032,0001287032-26-000164,10-Q,2026-03-31,2026-05-07,"Help/Systems Holdings, Inc. (d/b/a Forta, LLC) | Software | Second Lien Term Loan","Help/Systems Holdings, Inc. (d/b/a Forta","Help/Systems Holdings, Inc. (d/b/a Forta",Second Lien,,,,48655000.0,55066000.0,55077000.0,,88.34,,12.76,,9.0,True,,,USD,,Software,Unaffiliated,Second Lien Term Loan,SOFR,2029-05-19,2019-11-14,,,,1.6,,,9.0,Information Technology,Software & Services,Second Lien,,"Help/Systems Holdings, Inc. (d/b/a Forta"
PSEC,0001287032,0001287032-26-000164,10-Q,2026-03-31,2026-05-07,"Imperative Worldwide, LLC | Air Freight & Logistics | First Lien Term Loan",Imperative Worldwide,Imperative Worldwide,First Lien,,,,31394000.0,31382000.0,31394000.0,,100.0,5.5,9.35,,,False,,,USD,,Air Freight & Logistics,Unaffiliated,First Lien Term Loan,SOFR,2028-12-30,2022-03-11,,,,1.1,,5.5,,Industrials,Transportation,First Lien,,Imperative Worldwide
PSEC,0001287032,0001287032-26-000164,10-Q,2026-03-31,2026-05-07,"Imperative Worldwide, LLC | Air Freight & Logistics | First Lien Term Loan1",Imperative Worldwide,Imperative Worldwide,First Lien,,,,5910000.0,5833000.0,5910000.0,,100.0,5.5,9.2,,,False,,,USD,,Consumer Finance,Affiliated Controlled,"First Lien Delayed Draw Term Loan A - $ 7,350 Commitment",,2029-05-15,2024-05-15,,,,0.2,10.0,,,Financials,Diversified Financials,First Lien,,Imperative Worldwide
PSEC,0001287032,0001287032-26-000164,10-Q,2026-03-31,2026-05-07,"Imperative Worldwide, LLC | Air Freight & Logistics | Second Lien Term Loan",Imperative Worldwide,Imperative Worldwide,Second Lien,,,,95000000.0,95000000.0,95000000.0,,100.0,8.5,12.35,,,False,,,USD,,,,,,,,,,,,,,,Industrials,Transportation,Second Lien,,Imperative Worldwide
PSEC,0001287032,0001287032-26-000164,10-Q,2026-03-31,2026-05-07,"iQor Holdings, Inc. | Professional Services | First Lien Term Loan",iQor Holdings,iQor Holdings,First Lien,,,,44767000.0,44767000.0,44767000.0,,100.0,7.5,11.46,,,False,,,USD,,Professional Services,Unaffiliated,First Lien Term Loan,SOFR,2029-06-11,2024-06-11,,,,1.5,,7.5,,Industrials,Commercial & Professional Services,First Lien,,iQor Holdings
PSEC,0001287032,0001287032-26-000164,10-Q,2026-03-31,2026-05-07,"iQor Holdings, Inc. | Professional Services | Common Stock of Bloom Parent, Inc.",iQor Holdings,iQor Holdings,Common Equity,,,,13472000.0,10450000.0,,10450.0,128.92,,,,,False,,,USD,,,,,,,,,,,,,,,Industrials,Commercial & Professional Services,Common Equity,,iQor Holdings
PSEC,0001287032,0001287032-26-000164,10-Q,2026-03-31,2026-05-07,"Japs-Olson Company, LLC | Commercial Services & Supplies | First Lien Term Loan",Japs-Olson Company,Japs-Olson Company,First Lien,,,,54693000.0,54693000.0,54693000.0,,100.0,6.75,10.45,,,False,,,USD,,Commercial Services & Supplies,Unaffiliated,First Lien Term Loan,SOFR,2028-05-25,2023-05-25,,,,1.9,,6.75,,Industrials,Commercial & Professional Services,First Lien,,Japs-Olson Company
PSEC,0001287032,0001287032-26-000164,10-Q,2026-03-31,2026-05-07,"Julie Lindsey, Inc. | Textiles, Apparel & Luxury Goods | First Lien Revolving Line of Credit","Julie Lindsey, Inc.","Julie Lindsey, Inc.",First Lien,,,,18648000.0,18648000.0,18648000.0,,100.0,6.0,10.0,,,False,,,USD,,,,,,,,,,,,,,,Health Care,Health Care Equipment & Services,First Lien,,"Julie Lindsey, Inc."
PSEC,0001287032,0001287032-26-000164,10-Q,2026-03-31,2026-05-07,"K&N HoldCo, LLC | Automobile Components | Class A Common Units",K&N HoldCo,K&N HoldCo,Common Equity,,,,374000.0,25802000.0,,137215.0,1.45,,,,,False,,,USD,,Automobile Components,Unaffiliated,Class A Common Units,,,2023-02-14,,,,,,,,Consumer Discretionary,Automobiles & Components,Common Equity,,K&N HoldCo
PSEC,0001287032,0001287032-26-000164,10-Q,2026-03-31,2026-05-07,KM2 Solutions LLC | Professional Services | First Lien Term Loan,KM2 Solutions LLC,KM2 Solutions LLC,First Lien,,,,17562000.0,17562000.0,17562000.0,,100.0,9.6,13.45,,,False,,,USD,,Professional Services,Unaffiliated,First Lien Term Loan,SOFR,2026-06-16,2020-12-17,,,,0.6,,9.6,,Industrials,Commercial & Professional Services,First Lien,,KM2 Solutions LLC
PSEC,0001287032,0001287032-26-000164,10-Q,2026-03-31,2026-05-07,LCM XIV Ltd. | Structured Finance | Subordinated Structured Note,LCM XIV Ltd.,LCM XIV Ltd.,Subordinated,,,,0.0,0.0,49934000.0,,,,0.0,,,False,,,USD,,,,,,,,,,,,,,,Other,Other,Subordinated,,LCM XIV Ltd.
PSEC,0001287032,0001287032-26-000164,10-Q,2026-03-31,2026-05-07,Lucky US BuyerCo LLC | Financial Services | First Lien Revolving Line of Credit,Lucky US BuyerCo LLC,Lucky US BuyerCo LLC,First Lien,,,,23287000.0,23715000.0,23715000.0,,98.2,6.25,11.92,,2.0,True,,,USD,,Financial Services,Unaffiliated,First Lien Revolving Line of Credit,SOFR,2029-04-01,2023-04-03,,,,0.1,,6.25,2.0,Financials,Diversified Financials,First Lien,,Lucky US BuyerCo LLC
PSEC,0001287032,0001287032-26-000164,10-Q,2026-03-31,2026-05-07,"MAC Discount, LLC | Distributors | First Lien Term Loan",MAC Discount,MAC Discount,First Lien,,,,30570000.0,30423000.0,30570000.0,,100.0,8.5,12.45,,,False,,,USD,,Distributors,Unaffiliated,First Lien Term Loan,SOFR,2028-05-11,2023-05-11,,,,1.1,13.05,,,Consumer Discretionary,Retailing,First Lien,,MAC Discount
PSEC,0001287032,0001287032-26-000164,10-Q,2026-03-31,2026-05-07,"MAC Discount, LLC | Distributors | Class A Senior Preferred Stock of MAC Discount Investments, LLC",MAC Discount,MAC Discount,Preferred Equity,,,,2081000.0,1500000.0,,1500000.0,138.73,,12.0,,,False,,,USD,,,,,,,,,,,,,,,Consumer Discretionary,Retailing,Preferred Equity,,MAC Discount
PSEC,0001287032,0001287032-26-000164,10-Q,2026-03-31,2026-05-07,"Medical Solutions Holdings, Inc. | Health Care Providers & Services | Second Lien Term Loan",Medical Solutions Holdings,Medical Solutions Holdings,Second Lien,,,,15267000.0,54443000.0,54463000.0,,28.03,7.0,10.77,,,False,,,USD,,Health Care Providers & Services,Unaffiliated,Second Lien Term Loan,SOFR,2029-11-01,2021-11-01,,,,0.5,,7.0,,Health Care,Health Care Equipment & Services,Second Lien,,Medical Solutions Holdings
PSEC,0001287032,0001287032-26-000164,10-Q,2026-03-31,2026-05-07,"New WPCC Parent, LLC | Health Care Providers & Services | First Lien Term Loan",New WPCC Parent,New WPCC Parent,First Lien,,,,21295000.0,18600000.0,21295000.0,,100.0,9.5,13.17,,,False,,,USD,,Health Care Providers & Services,Unaffiliated,First Lien Term Loan,SOFR,2030-05-09,2025-05-09,,,,0.7,,9.5,,Health Care,Health Care Equipment & Services,First Lien,,New WPCC Parent
PSEC,0001287032,0001287032-26-000164,10-Q,2026-03-31,2026-05-07,"New WPCC Parent, LLC | Health Care Providers & Services | Series A Preferred Interests",New WPCC Parent,New WPCC Parent,Preferred Equity,,,,14501000.0,10282000.0,,993485.0,141.03,,,,13.0,True,,,USD,,,,,,,,,,,,,,,Health Care,Health Care Equipment & Services,Preferred Equity,,New WPCC Parent
PSEC,0001287032,0001287032-26-000164,10-Q,2026-03-31,2026-05-07,"New WPCC Parent, LLC | Health Care Providers & Services | Class A Common Interests",New WPCC Parent,New WPCC Parent,Common Equity,,,,16570000.0,90000.0,,1084072.0,18411.11,,,,,False,,,USD,,Health Care Providers & Services,Affiliated Controlled,"First Lien Delayed Draw Term Loan B - $ 26,000 Commitment",,2027-09-05,2024-09-30,,,,0.6,5.0,,,Health Care,Health Care Equipment & Services,Common Equity,,New WPCC Parent
PSEC,0001287032,0001287032-26-000164,10-Q,2026-03-31,2026-05-07,"New WPCC Parent, LLC | Health Care Providers & Services | Liquidating Trust of Wellpath Holdings, Inc.","New WPCC Parent, LLC","New WPCC Parent, LLC",,,,,10132000.0,2011000.0,,,503.83,,,,,False,,,USD,,,,,,,,,,,,,,,Other,Other,Other,,"New WPCC Parent, LLC"
PSEC,0001287032,0001287032-26-000164,10-Q,2026-03-31,2026-05-07,"Octagon Investment Partners XV, Ltd. | Structured Finance | Subordinated Structured Note",Octagon Investment Partners XV,Octagon Investment Partners XV,Subordinated,,,,0.0,0.0,42064000.0,,,,0.0,,,False,,,USD,,,,,,,,,,,,,,,Other,Other,Subordinated,,Octagon Investment Partners XV
PSEC,0001287032,0001287032-26-000164,10-Q,2026-03-31,2026-05-07,OneTouchPoint Corp | Commercial Services & Supplies | First Lien Term Loan,OneTouchPoint Corp,OneTouchPoint Corp,First Lien,,,,22449000.0,22449000.0,22449000.0,,100.0,8.0,11.95,,,False,,,USD,,Commercial Services & Supplies,Unaffiliated,First Lien Term Loan,SOFR,2026-06-30,2021-02-19,,,,0.8,,8.0,,Industrials,Commercial & Professional Services,First Lien,,OneTouchPoint Corp
PSEC,0001287032,0001287032-26-000164,10-Q,2026-03-31,2026-05-07,"PeopleConnect Holdings, Inc | Interactive Media & Services | First Lien Term Loan",PeopleConnect Holdings,PeopleConnect Holdings,First Lien,,,,91425000.0,91425000.0,91425000.0,,100.0,8.25,12.1,,,False,,,USD,,Interactive Media & Services,Unaffiliated,First Lien Term Loan,SOFR,2028-01-22,2020-01-22,,,,3.1,,8.25,,Communication Services,Media & Entertainment,First Lien,,PeopleConnect Holdings
PSEC,0001287032,0001287032-26-000164,10-Q,2026-03-31,2026-05-07,Precisely Software Incorporated | Software | Second Lien Term Loan,Precisely Software Incorporated,Precisely Software Incorporated,Second Lien,,,,58843000.0,79648000.0,80000000.0,,73.55,7.25,11.18,,,False,,,USD,,Software,Unaffiliated,Second Lien Term Loan,SOFR,2029-04-23,2021-04-23,,,,2.0,,7.25,,Information Technology,Software & Services,Second Lien,,Precisely Software Incorporated
PSEC,0001287032,0001287032-26-000164,10-Q,2026-03-31,2026-05-07,"Preventics, Inc. (d/b/a Legere Pharmaceuticals) | Personal Care Products | First Lien Term Loan",Preventics,Preventics,First Lien,,,,8720000.0,8720000.0,8720000.0,,100.0,10.5,14.46,,,False,,,USD,,Personal Care Products,Unaffiliated,First Lien Term Loan,SOFR,2026-11-12,2021-11-12,,,,0.3,,10.5,,Consumer Staples,Household & Personal Products,First Lien,,Preventics
PSEC,0001287032,0001287032-26-000164,10-Q,2026-03-31,2026-05-07,"Preventics, Inc. (d/b/a Legere Pharmaceuticals) | Personal Care Products | First Lien Term Loan1",Preventics,Preventics,First Lien,,,,1886000.0,1886000.0,1886000.0,,100.0,7.5,11.46,,,False,,,USD,,,,,,,,,,,,,,,Consumer Staples,Household & Personal Products,First Lien,,Preventics
PSEC,0001287032,0001287032-26-000164,10-Q,2026-03-31,2026-05-07,"Preventics, Inc. (d/b/a Legere Pharmaceuticals) | Personal Care Products | Series A Convertible Preferred Stock",Preventics,Preventics,Preferred Equity,,,,4663000.0,2111000.0,,6149.0,220.89,,8.0,,,False,,,USD,,,,,,,,,,,,,,,Consumer Staples,Household & Personal Products,Preferred Equity,,Preventics
PSEC,0001287032,0001287032-26-000164,10-Q,2026-03-31,2026-05-07,"Recovery Solutions Parent, LLC | Health Care Providers & Services | First Lien Term Loan",Recovery Solutions Parent,Recovery Solutions Parent,First Lien,,,,43368000.0,33227000.0,43368000.0,,100.0,7.5,11.2,,,False,,,USD,,Health Care Providers & Services,Unaffiliated,First Lien Term Loan,SOFR,2030-01-27,2025-01-27,,,,1.5,,7.5,,Health Care,Health Care Equipment & Services,First Lien,,Recovery Solutions Parent
PSEC,0001287032,0001287032-26-000164,10-Q,2026-03-31,2026-05-07,"Recovery Solutions Parent, LLC | Health Care Providers & Services | Membership Interest",Recovery Solutions Parent,Recovery Solutions Parent,LLC Interest,,,,56954000.0,21255000.0,,1609466.0,267.96,,,,,False,,,USD,,Health Care Providers & Services,Unaffiliated,First Lien Term Loan,SOFR,2026-05-15,2013-02-21,,,,1.9,13.3,,,Health Care,Health Care Equipment & Services,Common Equity,,Recovery Solutions Parent
PSEC,0001287032,0001287032-26-000164,10-Q,2026-03-31,2026-05-07,Redstone Holdco 2 LP | IT Services | First Lien Second Out Term Loan,Redstone Holdco 2 LP,Redstone Holdco 2 LP,First Lien,,,,5704000.0,6000000.0,6000000.0,,95.07,5.5,9.17,,,False,,,USD,,IT Services,Unaffiliated,First Lien Second Out Term Loan,SOFR,2030-12-31,2026-01-21,,,,0.2,,5.5,,Information Technology,Software & Services,First Lien,,Redstone Holdco 2 LP
PSEC,0001287032,0001287032-26-000164,10-Q,2026-03-31,2026-05-07,Redstone Holdco 2 LP | IT Services | First Lien Third Out Term Loan,Redstone Holdco 2 LP,Redstone Holdco 2 LP,First Lien,,,,10199000.0,12000000.0,12000000.0,,84.99,,12.0,,4.0,True,,,USD,,,,,,,,,,,,,,,Information Technology,Software & Services,First Lien,,Redstone Holdco 2 LP
PSEC,0001287032,0001287032-26-000164,10-Q,2026-03-31,2026-05-07,Redstone Holdco 2 LP | IT Services | Class A Preferred Units of Redstone Holdco 1 LP,Redstone Holdco 2 LP,Redstone Holdco 2 LP,Preferred Equity,,,,0.0,2496000.0,,2496251.0,0.0,,,,,False,,,USD,,,,,,,,,,,,,,,Other,Other,Preferred Equity,,Redstone Holdco 2 LP
PSEC,0001287032,0001287032-26-000164,10-Q,2026-03-31,2026-05-07,Redstone Holdco 2 LP | IT Services | Class B Common Units of Redstone Holdco 1 LP,Redstone Holdco 2 LP,Redstone Holdco 2 LP,Common Equity,,,,0.0,4000.0,,90837.0,0.0,,,,,False,,,USD,,,,,,,,,,,,,,,Other,Other,Common Equity,,Redstone Holdco 2 LP
PSEC,0001287032,0001287032-26-000164,10-Q,2026-03-31,2026-05-07,"Research Now Group, LLC and Dynata, LLC | IT Services | First Lien Second Out Term Loan","Research Now Group, LLC","Research Now Group, LLC",First Lien,,,,7221000.0,7934000.0,7934000.0,,91.01,5.5,9.41,,,False,,,USD,,IT Services,Unaffiliated,First Lien Second Out Term Loan,SOFR,2028-10-15,2024-07-15,,,,0.3,,5.5,,Information Technology,Software & Services,First Lien,,"Research Now Group, LLC"
PSEC,0001287032,0001287032-26-000164,10-Q,2026-03-31,2026-05-07,"Research Now Group, LLC and Dynata, LLC | IT Services | Common Stock of New Insight Holdings, Inc.","Research Now Group, LLC","Research Now Group, LLC",Common Equity,,,,795000.0,3329000.0,,210781000.0,23.88,,,,,False,,,USD,,Structured Finance,Unaffiliated,Subordinated Structured Note,,2031-04-21,2013-09-13,,,,,,,,Black Box,CLO / Structured Credit,Common Equity,,"Research Now Group, LLC"
PSEC,0001287032,0001287032-26-000164,10-Q,2026-03-31,2026-05-07,"Research Now Group, LLC and Dynata, LLC | IT Services | Warrants","Research Now Group, LLC","Research Now Group, LLC",Warrant,,,,0.0,0.0,,285714000.0,,,,,,False,,,USD,,,,,,,,,,,,,,,Information Technology,Software & Services,Warrant,,"Research Now Group, LLC"
PSEC,0001287032,0001287032-26-000164,10-Q,2026-03-31,2026-05-07,"Rising Tide Holdings, Inc. | Specialty Retail | First In Last Out Term Loan","Rising Tide Holdings, Inc.","Rising Tide Holdings, Inc.",,,,,604000.0,604000.0,604000.0,,100.0,,,,30.0,True,,,USD,,Specialty Retail,Unaffiliated,First In Last Out Term Loan,,2027-05-01,2025-09-19,,,,,,,30.0,Consumer Discretionary,Retailing,First Lien,,"Rising Tide Holdings, Inc."
PSEC,0001287032,0001287032-26-000164,10-Q,2026-03-31,2026-05-07,"Rising Tide Holdings, Inc. | Specialty Retail | First In Last Out Term Loan1","Rising Tide Holdings, Inc.","Rising Tide Holdings, Inc.",,,,,770000.0,770000.0,770000.0,,100.0,8.75,32.53,,20.0,True,,,USD,,,,,,,,,,,,,,,Other,Other,Other,,"Rising Tide Holdings, Inc."
PSEC,0001287032,0001287032-26-000164,10-Q,2026-03-31,2026-05-07,"Rising Tide Holdings, Inc. | Specialty Retail | First Lien First Out Term Loan",Rising Tide Holdings,Rising Tide Holdings,First Lien,,,,5727000.0,9029000.0,9413000.0,,60.84,,,,15.0,True,,,USD,,Structured Finance,Unaffiliated,Subordinated Structured Note,,2031-04-21,2015-09-16,,,,0.1,,,,Black Box,CLO / Structured Credit,First Lien,,Rising Tide Holdings
PSEC,0001287032,0001287032-26-000164,10-Q,2026-03-31,2026-05-07,"Rising Tide Holdings, Inc. | Specialty Retail | Class A Common Units of Marine One Holdco, LLC",Rising Tide Holdings,Rising Tide Holdings,Common Equity,,,,0.0,23898000.0,,345600.0,0.0,,,,,False,,,USD,,,,,,,,,,,,,,,Black Box,CLO / Structured Credit,Common Equity,,Rising Tide Holdings
PSEC,0001287032,0001287032-26-000164,10-Q,2026-03-31,2026-05-07,"Rising Tide Holdings, Inc. | Specialty Retail | Warrants",Rising Tide Holdings,Rising Tide Holdings,Warrant,,,,0.0,0.0,,3506456.0,,,,,,False,,,USD,,,,,,,,,,,,,,,Black Box,CLO / Structured Credit,Warrant,,Rising Tide Holdings
PSEC,0001287032,0001287032-26-000164,10-Q,2026-03-31,2026-05-07,"The RK Logistics Group, Inc. | Commercial Services & Supplies | First Lien Term Loan",The RK Logistics Group,The RK Logistics Group,First Lien,,,,5585000.0,5585000.0,5585000.0,,100.0,10.5,14.46,,,False,,,USD,,Commercial Services & Supplies,Unaffiliated,First Lien Term Loan,SOFR,2028-12-18,2022-03-24,,,,0.2,,10.5,,Industrials,Commercial & Professional Services,First Lien,,The RK Logistics Group
PSEC,0001287032,0001287032-26-000164,10-Q,2026-03-31,2026-05-07,"The RK Logistics Group, Inc. | Commercial Services & Supplies | First Lien Term Loan1",The RK Logistics Group,The RK Logistics Group,First Lien,,,,33004000.0,33004000.0,33004000.0,,100.0,7.5,11.5,,,False,,,USD,,Commercial Services & Supplies,Unaffiliated,First Lien Term Loan,SOFR,2028-12-21,2021-12-21,,,,1.1,,5.25,,Industrials,Commercial & Professional Services,First Lien,,The RK Logistics Group
PSEC,0001287032,0001287032-26-000164,10-Q,2026-03-31,2026-05-07,"The RK Logistics Group, Inc. | Commercial Services & Supplies | Class A Common Units of RK Logistics Holdings Inc.",The RK Logistics Group,The RK Logistics Group,Common Equity,,,,20085000.0,5000000.0,,2148000.0,401.7,,,,,False,,,USD,,,,,,,,,,,,,,,Industrials,Commercial & Professional Services,Common Equity,,The RK Logistics Group
PSEC,0001287032,0001287032-26-000164,10-Q,2026-03-31,2026-05-07,RME Group Holding Company | Media | First Lien Term Loan A,RME Group Holding Company,RME Group Holding Company,First Lien,,,,17040000.0,17607000.0,17607000.0,,96.78,5.5,9.45,,,False,,,USD,,Media,Unaffiliated,First Lien Term Loan A,SOFR,2027-05-06,2017-05-04,,,,0.6,,5.5,,Communication Services,Media & Entertainment,First Lien,,RME Group Holding Company
PSEC,0001287032,0001287032-26-000164,10-Q,2026-03-31,2026-05-07,RME Group Holding Company | Media | First Lien Term Loan B,RME Group Holding Company,RME Group Holding Company,First Lien,,,,18672000.0,20045000.0,20045000.0,,93.15,11.0,14.95,,,False,,,USD,,Health Care Providers & Services,Unaffiliated,Second Lien Term Loan,SOFR,2030-05-20,2019-11-20,,,,0.7,,9.5,13.29,Health Care,Health Care Equipment & Services,First Lien,,RME Group Holding Company
PSEC,0001287032,0001287032-26-000164,10-Q,2026-03-31,2026-05-07,"Rosa Mexicano | Hotels, Restaurants & Leisure | First Lien Revolving Line of Credit",Rosa Mexicano,Rosa Mexicano,First Lien,,,,6379000.0,6765000.0,6765000.0,,94.29,,16.0,,,False,,,USD,,"Hotels, Restaurants & Leisure",Unaffiliated,First Lien Revolving Line of Credit,,2026-09-30,2018-03-29,,,,0.2,,,,Consumer Discretionary,Consumer Services,First Lien,,Rosa Mexicano
PSEC,0001287032,0001287032-26-000164,10-Q,2026-03-31,2026-05-07,"Rosa Mexicano | Hotels, Restaurants & Leisure | First Lien Term Loan",Rosa Mexicano,Rosa Mexicano,First Lien,,,,20707000.0,23166000.0,23166000.0,,89.39,7.5,11.46,,,False,,,USD,,Automobile Components,Unaffiliated,First Lien Term Loan,SOFR,2027-03-30,2021-03-24,,,,0.6,9.54,,,Consumer Discretionary,Automobiles & Components,First Lien,,Rosa Mexicano
PSEC,0001287032,0001287032-26-000164,10-Q,2026-03-31,2026-05-07,"ShiftKey, LLC | Health Care Technology | First Lien Term Loan",ShiftKey,ShiftKey,First Lien,,,,57815000.0,59610000.0,59747000.0,,96.77,5.75,10.21,,0.5,True,,,USD,,Health Care Technology,Unaffiliated,First Lien Term Loan,SOFR,2027-06-21,2022-06-21,,,,2.0,,5.75,0.5,Health Care,Health Care Equipment & Services,First Lien,,ShiftKey
PSEC,0001287032,0001287032-26-000164,10-Q,2026-03-31,2026-05-07,"Shoes West, LLC (d/b/a Taos Footwear) | Textiles, Apparel & Luxury Goods | First Lien Term Loan A","Shoes West, LLC","Shoes West, LLC",First Lien,,,,37966000.0,37966000.0,37966000.0,,100.0,7.0,10.96,,,False,,,USD,,"Textiles, Apparel & Luxury Goods",Unaffiliated,First Lien Term Loan A,SOFR,2030-01-23,2025-01-23,,,,1.3,,7.0,,Consumer Discretionary,Consumer Durables & Apparel,First Lien,Taos Footwear,"Shoes West, LLC"
PSEC,0001287032,0001287032-26-000164,10-Q,2026-03-31,2026-05-07,"Shoes West, LLC (d/b/a Taos Footwear) | Textiles, Apparel & Luxury Goods | First Lien Convertible Term Loan B","Shoes West, LLC","Shoes West, LLC",First Lien,,,,15131000.0,9606000.0,9606000.0,,157.52,,11.0,,2.0,True,,,USD,,Food Products,Unaffiliated,Second Out First Lien Term Loan,SOFR,2030-04-19,2024-11-27,,,,0.5,8.94,,,Consumer Staples,"Food, Beverage & Tobacco",First Lien,Taos Footwear,"Shoes West, LLC"
PSEC,0001287032,0001287032-26-000164,10-Q,2026-03-31,2026-05-07,"Shoes West, LLC (d/b/a Taos Footwear) | Textiles, Apparel & Luxury Goods | Class A Preferred Units of Taos Footwear Holdings, LLC","Shoes West, LLC","Shoes West, LLC",Preferred Equity,,,,40571000.0,18750000.0,,16753.0,216.38,,,,8.0,True,,,USD,,,,,,,,,,,,,,,Consumer Discretionary,Consumer Durables & Apparel,Preferred Equity,Taos Footwear,"Shoes West, LLC"
PSEC,0001287032,0001287032-26-000164,10-Q,2026-03-31,2026-05-07,"Shutterfly Finance, LLC | Household Durables | First Lien Term Loan",Shutterfly Finance,Shutterfly Finance,First Lien,,,,2406000.0,2406000.0,2406000.0,,100.0,6.0,9.67,,,False,,,USD,,Household Durables,Unaffiliated,First Lien Term Loan,SOFR,2027-10-01,2023-06-05,,,,0.1,,6.0,,Consumer Discretionary,Consumer Durables & Apparel,First Lien,,Shutterfly Finance
PSEC,0001287032,0001287032-26-000164,10-Q,2026-03-31,2026-05-07,"Shutterfly Finance, LLC | Household Durables | Second Lien Term Loan",Shutterfly Finance,Shutterfly Finance,Second Lien,,,,18225000.0,19026000.0,19026000.0,,95.79,5.0,8.67,,,False,,,USD,,,,,,,,,,,,,,,Consumer Discretionary,Consumer Durables & Apparel,Second Lien,,Shutterfly Finance
PSEC,0001287032,0001287032-26-000164,10-Q,2026-03-31,2026-05-07,Silver Hill Mineral Lease | Energy Equipment & Services | Revenue Interest,Silver Hill Mineral Lease,Silver Hill Mineral Lease,,,,,0.0,0.0,,,,,,,,False,,,USD,,,,,,,,,,,,,,,Other,Other,Other,,Silver Hill Mineral Lease
PSEC,0001287032,0001287032-26-000164,10-Q,2026-03-31,2026-05-07,"Spectrum Vision Holdings, LLC | Health Care Providers & Services | First Lien Term Loan",Spectrum Vision Holdings,Spectrum Vision Holdings,First Lien,,,,29099000.0,29099000.0,29099000.0,,100.0,6.5,10.43,,,False,,,USD,,Health Care Providers & Services,Unaffiliated,First Lien Term Loan,SOFR,2026-11-17,2023-05-02,,,,1.0,,6.5,,Health Care,Health Care Equipment & Services,First Lien,,Spectrum Vision Holdings
PSEC,0001287032,0001287032-26-000164,10-Q,2026-03-31,2026-05-07,"STG Distribution, LLC | Air Freight & Logistics | First Out Term Loan","STG Distribution, LLC","STG Distribution, LLC",,,,,6076000.0,5886000.0,6076000.0,,100.0,1.0,12.0,,7.25,True,,,USD,,Air Freight & Logistics,Unaffiliated,First Out Term Loan,SOFR,2029-10-03,2024-10-03,,,,0.2,,1.0,7.25,Industrials,Transportation,First Lien,,"STG Distribution, LLC"
PSEC,0001287032,0001287032-26-000164,10-Q,2026-03-31,2026-05-07,"STG Distribution, LLC | Air Freight & Logistics | Second Out Term Loan","STG Distribution, LLC","STG Distribution, LLC",,,,,14070000.0,38194000.0,39514000.0,,35.61,1.0,11.25,,6.5,True,,,USD,,Leisure Products,Unaffiliated,"First Lien Revolving Line of Credit - $ 14,000 Commitment",SOFR,2029-02-09,2015-04-15,,,,0.5,13.68,,,Consumer Discretionary,Consumer Durables & Apparel,First Lien,,"STG Distribution, LLC"
PSEC,0001287032,0001287032-26-000164,10-Q,2026-03-31,2026-05-07,"STG Distribution, LLC | Air Freight & Logistics | Third Out Term Loan","STG Distribution, LLC","STG Distribution, LLC",,,,,0.0,18604000.0,20063000.0,,0.0,1.0,10.75,,6.0,True,,,USD,,,,,,,,,,,,,,,Other,Other,Other,,"STG Distribution, LLC"
PSEC,0001287032,0001287032-26-000164,10-Q,2026-03-31,2026-05-07,"STG Distribution, LLC | Air Freight & Logistics | First Lien First Out DIP Roll Up",STG Distribution,STG Distribution,First Lien,,,,17281000.0,20245000.0,21264000.0,,81.27,,8.0,,8.0,True,,,USD,,,,,,,,,,,,,,,Industrials,Capital Goods,First Lien,,STG Distribution
PSEC,0001287032,0001287032-26-000164,10-Q,2026-03-31,2026-05-07,"Stryker Energy, LLC | Energy Equipment & Services | Overriding Royalty Interest","Stryker Energy, LLC","Stryker Energy, LLC",,,,,0.0,0.0,,,,,,,,False,,,USD,,,,,,,,,,,,,,,Other,Other,Other,,"Stryker Energy, LLC"
PSEC,0001287032,0001287032-26-000164,10-Q,2026-03-31,2026-05-07,"Town & Country Holdings, Inc. | Distributors | First Lien Term Loan",Town & Country Holdings,Town & Country Holdings,First Lien,,,,198011000.0,193234000.0,193692000.0,,102.23,,,,8.0,True,,,USD,,Distributors,Unaffiliated,First Lien Term Loan,,2028-08-29,2022-11-17,,,,1.0,,,,Consumer Discretionary,Retailing,First Lien,Town & Country Living,Town & Country Holdings
PSEC,0001287032,0001287032-26-000164,10-Q,2026-03-31,2026-05-07,"Town & Country Holdings, Inc. | Distributors | First Lien Term Loan 1",Town & Country Holdings,Town & Country Holdings,First Lien,,,,43075000.0,42136000.0,42136000.0,,102.23,,8.0,,5.0,True,,,USD,,Health Care Providers & Services,Unaffiliated,First Lien Term Loan,SOFR,2030-01-27,2025-01-27,,,,1.5,,7.5,,Health Care,Health Care Equipment & Services,First Lien,Town & Country Living,Town & Country Holdings
PSEC,0001287032,0001287032-26-000164,10-Q,2026-03-31,2026-05-07,"Town & Country Holdings, Inc. | Distributors | Class B of Town & Country TopCo LLC","Town & Country Holdings, Inc.","Town & Country Holdings, Inc.",,,,,17571000.0,49382000.0,,999.0,35.58,,,,,False,,,USD,,Professional Services,Unaffiliated,First Lien Term Loan,SOFR,2026-06-16,2020-12-17,,,,0.6,,9.6,,Industrials,Commercial & Professional Services,First Lien,,"Town & Country Holdings, Inc."
PSEC,0001287032,0001287032-26-000164,10-Q,2026-03-31,2026-05-07,"TPS, LLC | Machinery | First Lien Term Loan",TPS,TPS,First Lien,,,,17786000.0,17786000.0,17786000.0,,100.0,9.0,14.0,,,False,,,USD,,Machinery,Unaffiliated,First Lien Term Loan,SOFR,2027-05-31,2020-11-30,,,,0.6,,9.0,,Industrials,Capital Goods,First Lien,,TPS
PSEC,0001287032,0001287032-26-000164,10-Q,2026-03-31,2026-05-07,"United Sporting Companies, Inc. | Distributors | Second Lien Term Loan",United Sporting Companies,United Sporting Companies,Second Lien,,,,8807000.0,8590000.0,183023000.0,,4.81,11.0,13.0,,2.0,True,,,USD,,Distributors,Unaffiliated,Second Lien Term Loan,LIBOR,2019-11-16,2012-09-28,,,,0.3,,11.0,2.0,Consumer Discretionary,Retailing,Second Lien,,United Sporting Companies
PSEC,0001287032,0001287032-26-000164,10-Q,2026-03-31,2026-05-07,"Upstream Holdco, Inc. | Health Care Providers & Services | Second Lien Term Loan",Upstream Holdco,Upstream Holdco,Second Lien,,,,18539000.0,22686000.0,22732000.0,,81.55,9.5,13.29,,13.29,True,,,USD,,Health Care Providers & Services,Unaffiliated,Second Lien Term Loan,SOFR,2030-05-20,2019-11-20,,,,0.7,,9.5,13.29,Health Care,Health Care Equipment & Services,Second Lien,,Upstream Holdco
PSEC,0001287032,0001287032-26-000164,10-Q,2026-03-31,2026-05-07,"Upstream Holdco, Inc. | Health Care Providers & Services | Second Lien Term Loan1",Upstream Holdco,Upstream Holdco,Second Lien,,,,6999000.0,6999000.0,6999000.0,,100.0,9.0,12.69,,12.69,True,,,USD,,,,,,,,,,,,,,,Health Care,Health Care Equipment & Services,Second Lien,,Upstream Holdco
PSEC,0001287032,0001287032-26-000164,10-Q,2026-03-31,2026-05-07,"USG Intermediate, LLC | Leisure Products | First Lien Term Loan B",USG Intermediate,USG Intermediate,First Lien,,,,70438000.0,70438000.0,70438000.0,,100.0,11.75,15.52,,,False,,,USD,,Leisure Products,Unaffiliated,First Lien Term Loan B,SOFR,2029-02-09,2015-04-15,,,,2.4,,11.75,,Consumer Discretionary,Consumer Durables & Apparel,First Lien,,USG Intermediate
PSEC,0001287032,0001287032-26-000164,10-Q,2026-03-31,2026-05-07,"USG Intermediate, LLC | Leisure Products | Equity",USG Intermediate,USG Intermediate,Equity,,,,0.0,1000.0,,,0.0,,,,,False,,,USD,,,,,,,,,,,,,,,Consumer Discretionary,Consumer Durables & Apparel,Common Equity,,USG Intermediate
PSEC,0001287032,0001287032-26-000164,10-Q,2026-03-31,2026-05-07,Verify Diagnostics LLC | Health Care Providers & Services | First Lien Term Loan,Verify Diagnostics LLC,Verify Diagnostics LLC,First Lien,,,,36896000.0,36896000.0,36896000.0,,100.0,10.24,13.94,,,False,,,USD,,Health Care Providers & Services,Unaffiliated,First Lien Term Loan,SOFR,2030-05-15,2025-05-15,,,,1.3,14.58,,,Health Care,Health Care Equipment & Services,First Lien,,Verify Diagnostics LLC
PSEC,0001287032,0001287032-26-000164,10-Q,2026-03-31,2026-05-07,Verify Diagnostics LLC | Health Care Providers & Services | Class A Preferred Units of Verify Diagnostic Holdings LLC,Verify Diagnostics LLC,Verify Diagnostics LLC,Preferred Equity,,,,20196000.0,9250000.0,,,218.34,,,,12.0,True,,,USD,,Health Care Providers & Services,Unaffiliated,First Lien Term Loan,SOFR,2029-06-14,2024-06-14,,,,0.6,,7.75,,Health Care,Health Care Equipment & Services,Preferred Equity,,Verify Diagnostics LLC
PSEC,0001287032,0001287032-26-000164,10-Q,2026-03-31,2026-05-07,"Voya CLO 2012-4, Ltd. | Structured Finance | Subordinated Structured Note",Voya CLO 2012-4,Voya CLO 2012-4,Subordinated,,,,0.0,0.0,40613000.0,,,,0.0,,,False,,,USD,,,,,,,,,,,,,,,Black Box,CLO / Structured Credit,Subordinated,,Voya CLO 2012-4
PSEC,0001287032,0001287032-26-000164,10-Q,2026-03-31,2026-05-07,"WatchGuard Technologies, Inc. | IT Services | First Lien Term Loan",WatchGuard Technologies,WatchGuard Technologies,First Lien,,,,33728000.0,33775000.0,33775000.0,,99.86,5.25,8.92,,,False,,,USD,,IT Services,Unaffiliated,First Lien Term Loan,SOFR,2029-06-30,2022-08-17,,,,1.1,,5.25,,Information Technology,Software & Services,First Lien,,WatchGuard Technologies
PSEC,0001287032,0001287032-26-000164,10-Q,2026-03-31,2026-05-07,Wellful Inc. | Food Products | Second Out First Lien Term Loan,Wellful Inc.,Wellful Inc.,First Lien,,,,15377000.0,18504000.0,18504000.0,,83.1,6.25,10.21,,,False,,,USD,,Food Products,Unaffiliated,Second Out First Lien Term Loan,SOFR,2030-04-19,2024-11-27,,,,0.5,,6.25,,Consumer Staples,"Food, Beverage & Tobacco",First Lien,,Wellful Inc.
